Draw number,Draw date,Winning Number 1,Winning Number 2,Winning Number 3,Winning Number 4,Winning Number 5,Winning Number 6,Winning Number 7,Powerball Number,Division 1 winners,Division 1 winners in WA,Division 1 prize pool,Division 1 amount,Division 2 winners,Division 2 winners in WA,Division 2 prize pool,Division 2 amount,Division 3 winners,Division 3 winners in WA,Division 3 prize pool,Division 3 amount,Division 4 winners,Division 4 winners in WA,Division 4 prize pool,Division 4 amount,Division 5 winners,Division 5 winners in WA,Division 5 prize pool,Division 5 amount,Division 6 winners,Division 6 winners in WA,Division 6 prize pool,Division 6 amount,Division 7 winners,Division 7 winners in WA,Division 7 prize pool,Division 7 amount,Division 8 winners,Division 8 winners in WA,Division 8 prize pool,Division 8 amount,Division 9 winners,Division 9 winners in WA,Division 9 prize pool,Division 9 amount
1144,2018-04-19,9,5,32,13,33,4,25,7,1,0,8000000,8000000,1,0,187055.7,187055.7,26,1,114311.6,4396.6,436,74,207841.2,476.7,936,132,155890.8,166.55,14624,2064,1008324.8,68.95,17999,2636,790156.1,43.9,94090,13137,1557189.5,16.55,276414,39177,2736498.6,9.9
1145,2018-04-26,14,35,34,15,24,19,9,12,0,0,0,0,1,0,124507.75,124507.75,15,0,76088.25,5072.55,331,35,138341.45,417.95,624,63,103771.2,166.3,9145,1204,670785.75,73.35,11731,1557,525548.8,44.8,60060,8091,1039038,17.3,178517,23967,1820873.4,10.2
1146,2018-05-03,19,20,6,1,24,3,16,13,0,0,0,0,3,1,172854.6,57618.2,22,3,105633,4801.5,350,58,192062.5,548.75,955,107,144061.75,150.85,13514,1779,931790.3,68.95,17022,2384,730243.8,42.9,87017,11416,1440131.35,16.55,254619,33564,2520728.1,9.9
1147,2018-05-10,6,24,15,14,26,32,35,14,0,0,0,0,4,1,192838.2,48209.55,26,2,117845,4532.5,355,48,214260.25,603.55,988,143,160698.2,162.65,14529,2077,1038823.5,71.5,17634,2399,813809.1,46.15,91712,12693,1604960,17.5,266940,36104,2816217,10.55
1148,2018-05-17,9,26,16,34,3,31,25,9,0,0,0,0,4,1,283884,70971,48,6,173484,3614.25,543,83,315428.7,580.9,1550,240,236607.5,152.65,22164,3256,1529316,69,28478,4267,1198923.8,42.1,137439,20512,2363950.8,17.2,399744,58714,4157337.6,10.4
1149,2018-05-24,12,14,2,18,23,19,25,17,0,0,0,0,6,1,396968.4,66161.4,59,8,242590.3,4111.7,1012,134,441080.2,435.85,2151,313,330823.8,153.8,30420,4499,2138526,70.3,40057,5748,1676385.45,41.85,190060,27912,3307044,17.4,549170,80897,5793743.5,10.55
1150,2018-05-31,29,18,9,27,30,8,32,6,0,0,0,0,3,1,502972.5,167657.5,71,6,307373.2,4329.2,1279,162,558859.05,436.95,2758,445,419078.1,151.95,38843,6198,2711241.4,69.8,52978,7815,2124417.8,40.1,242947,37608,4190835.75,17.25,701041,106669,7360930.5,10.5
1151,2018-06-07,34,30,14,32,22,24,23,9,1,0,50000000,50000000,8,1,619247.2,77405.9,82,9,378430,4615,1416,273,688034.4,485.9,3223,468,516002.3,160.1,46600,7185,3336560,71.6,58813,9098,2614237.85,44.45,295871,45783,5162948.95,17.45,859600,130979,9068780,10.55
1152,2018-06-14,29,6,16,2,7,31,14,15,1,0,3000000,3000000,2,0,130754.1,65377.05,15,2,79905,5327,247,40,145285.4,588.2,598,83,108955.6,182.2,9187,1257,704642.9,76.7,12191,1649,552252.3,45.3,61056,8355,1089849.6,17.85,179273,24533,1909257.45,10.65
1153,2018-06-21,2,24,5,31,13,9,35,16,0,0,0,0,1,0,124332.9,124332.9,13,3,75981.1,5844.7,275,20,138146.25,502.35,622,84,103625.2,166.6,9229,1210,670025.4,72.6,12682,1702,525034.8,41.4,57385,7454,1035799.25,18.05,166875,22035,1818937.5,10.9
1154,2018-06-28,17,25,7,4,2,28,34,3,0,0,0,0,2,1,183186.8,91593.4,18,4,111947.4,6219.3,422,67,203530.6,482.3,972,101,152652.6,157.05,13785,1884,987006,71.6,19699,2615,773185.75,39.25,87180,12112,1525650,17.5,250579,34732,2681195.3,10.7
1155,2018-07-05,7,29,33,23,34,20,32,16,0,0,0,0,3,0,227257.8,75752.6,42,4,138879.3,3306.65,761,114,252499.8,331.8,1129,158,189389.75,167.75,16594,2367,1224637.2,73.8,22403,3128,959968.55,42.85,104634,14655,1893875.4,18.1,305407,41757,3313665.95,10.85
1156,2018-07-12,32,23,31,4,16,25,18,5,0,0,0,0,4,1,291940.6,72985.15,39,5,178407.45,4574.55,699,132,324370.95,464.05,1584,211,243302.4,153.6,22757,3298,1573646.55,69.15,28474,4125,1232924.2,43.3,143707,20477,2435833.65,16.95,415086,59325,4275385.8,10.3
1157,2018-07-19,22,23,29,4,24,2,25,17,0,0,0,0,2,0,353331.3,176665.65,61,5,215924.75,3539.75,926,111,392577.7,423.95,1729,241,294448.7,170.3,26448,3663,1904256,72,33926,4893,1491047.7,43.95,168291,23381,2945092.5,17.5,487184,69579,5164150.4,10.6
1158,2018-07-26,32,31,1,22,28,7,8,15,0,0,0,0,5,3,420697.5,84139.5,45,5,257094,5713.2,905,105,467432.5,516.5,2100,322,350595,166.95,31675,4521,2266346.25,71.55,41137,5836,1777118.4,43.2,202786,29250,3508197.8,17.3,589450,86165,6159752.5,10.45
1159,2018-08-02,32,34,1,9,17,22,3,19,0,0,0,0,4,0,518179,129544.75,70,13,316666,4523.8,1143,153,575729.1,503.7,2661,383,431880.3,162.3,38788,5753,2792736,72,50050,7671,2187185,43.7,247713,37540,4322591.85,17.45,726156,108642,7588330.2,10.45
1160,2018-08-09,5,18,10,13,34,12,4,19,0,0,0,0,9,0,976505.85,108500.65,132,15,596752.2,4520.85,2453,296,1084961.9,442.3,4915,670,813678.25,165.55,74542,10395,5262665.2,70.6,94058,13069,4124443.3,43.85,475560,66141,8132076,17.1,1371852,190975,14267260.8,10.4
1161,2018-08-16,33,3,32,13,27,35,31,3,2,0,100000000,50000000,15,2,1843443,122896.2,296,28,1126546.4,3805.9,4828,533,2048279,424.25,10958,1373,1536311.6,140.2,145468,18331,9935464.4,68.3,192464,23427,7785168.8,40.45,886551,111793,15381659.85,17.35,2554832,320095,26953477.6,10.55
1162,2018-08-23,6,14,18,28,29,9,2,11,0,0,0,0,1,0,152836.25,152836.25,22,1,93399.9,4245.45,411,30,169825.2,413.2,907,101,127342.8,140.4,12617,1583,823890.1,65.3,15584,1807,645177.6,41.4,77574,9724,1272213.6,16.4,223334,28453,2233340,10
1163,2018-08-30,20,32,15,19,22,13,28,20,0,0,0,0,4,0,182063.4,45515.85,17,3,111260.75,6544.75,460,47,202285,439.75,940,108,151716,161.4,14355,1783,981164.25,68.35,17026,2029,768723.9,45.15,90107,10617,1518302.95,16.85,262547,32280,2664852.05,10.15
1164,2018-09-06,7,14,23,25,18,21,27,20,0,0,0,0,2,0,235126.6,117563.3,29,6,143689.2,4954.8,615,101,261252,424.8,1297,159,195911.85,151.05,18782,2417,1266845.9,67.45,26141,2969,993358,38,116670,14394,1960056,16.8,330822,40532,3440548.8,10.4
1165,2018-09-13,2,22,34,1,35,19,17,11,0,0,0,0,3,1,297561.75,99187.25,33,5,181843.2,5510.4,683,80,330640.3,484.1,1533,197,247962.75,161.75,23317,3112,1603043.75,68.75,29030,3386,1256999,43.3,147833,19481,2476202.75,16.75,432330,56164,4344916.5,10.05
1166,2018-09-20,20,6,30,17,8,10,2,8,1,0,30000000,30000000,6,0,397963.2,66327.2,53,4,243198.45,4588.65,1243,108,442197.25,355.75,2485,311,331623.25,133.45,33345,4250,2144083.5,64.3,43677,5417,1679380.65,38.45,198764,25035,3319358.8,16.7,569124,71717,5805064.8,10.2
1167,2018-09-27,22,5,10,30,19,21,15,3,0,0,0,0,2,1,141383.1,70691.55,24,5,86401.2,3600.05,364,49,157084.2,431.55,752,81,117800.8,156.65,11215,1319,762059.25,67.95,14819,1867,597205.7,40.3,68688,8423,1177999.2,17.15,195921,23801,2066966.55,10.55
1168,2018-10-04,24,32,3,11,21,28,22,7,0,0,0,0,4,0,187912.6,46978.15,16,1,114835.2,7177.2,501,46,208791.75,416.75,1011,120,156603.9,154.9,15308,2056,1012624.2,66.15,18399,2208,792996.9,43.1,98016,12931,1568256,16,279696,37371,2741020.8,9.8
1169,2018-10-11,21,13,23,20,27,32,30,13,0,0,0,0,1,1,249083.2,249083.2,38,6,152216.6,4005.7,627,79,276757.8,441.4,1570,188,207554,132.2,21483,2692,1342687.5,62.5,25727,3245,1052234.3,40.9,131648,16297,2073456,15.75,370920,46058,3635016,9.8
1170,2018-10-18,17,35,25,10,33,7,29,5,0,0,0,0,6,1,320641.8,53440.3,37,3,195948.3,5295.9,911,78,356246.55,391.05,1766,217,267195.8,151.3,24571,3143,1727341.3,70.3,33353,4443,1354131.8,40.6,154918,19851,2672335.5,17.25,442266,55677,4688019.6,10.6
1171,2018-10-25,28,29,26,13,25,9,11,12,0,0,0,0,1,0,373451.7,373451.7,50,8,228220,4564.4,783,121,414950.85,529.95,1824,235,311174.4,170.6,28922,3399,2012971.2,69.6,36241,4533,1576483.5,43.5,182612,21771,3113534.6,17.05,524963,63975,5459615.2,10.4
1172,2018-11-01,30,11,24,35,17,4,8,3,0,0,0,0,10,3,465646.5,46564.65,61,9,284561.95,4664.95,1237,168,517375.25,418.25,2548,347,388060.4,152.3,35416,4641,2509223.6,70.85,49201,6944,1965579.95,39.95,221880,29926,3882900,17.5,638166,85903,6796467.9,10.65
1173,2018-11-08,29,35,12,30,17,23,15,10,1,0,60000000,60000000,2,1,762739.3,381369.65,92,11,466118,5066.5,1794,259,847485.6,472.4,3911,571,635537.5,162.5,58097,8161,4110362.75,70.75,75350,10459,3221212.5,42.75,363499,51139,6361232.5,17.5,1051085,146208,11141501,10.6
1174,2018-11-15,18,16,23,2,25,7,29,20,1,1,3000000,3000000,1,0,149108.3,149108.3,33,6,91121.25,2761.25,480,66,165672,345.15,837,98,124252.65,148.45,11633,1529,803258.65,69.05,16001,1988,629639.35,39.35,70754,8656,1241732.7,17.55,205542,25358,2178745.2,10.6
1175,2018-11-22,14,29,34,33,17,3,28,17,0,0,0,0,3,1,148266.75,49422.25,17,4,90607.45,5329.85,345,48,164737.5,477.5,714,95,123557.7,173.05,11069,1428,799181.8,72.2,13604,1769,625784,46,70206,8933,1235625.6,17.6,199577,25381,2165410.45,10.85
1176,2018-11-29,29,20,22,5,3,17,33,12,0,0,0,0,2,1,213068.3,106534.15,27,6,130208.85,4822.55,438,62,236739,540.5,1164,168,177568.2,152.55,16336,2114,1148420.8,70.3,20947,2443,899673.65,42.95,102727,13041,1777177.1,17.3,296472,37247,3112956,10.5
1177,2018-12-06,14,6,26,3,20,5,33,19,0,0,0,0,1,0,268392.4,268392.4,30,1,164017.5,5467.25,575,68,298223.75,518.65,1395,191,223688.25,160.35,19723,2475,1446682.05,73.35,25041,3263,1133105.25,45.25,124895,15986,2235620.5,17.9,364221,45991,3915375.75,10.75
1178,2018-12-13,24,8,26,28,35,7,15,13,0,0,0,0,2,1,335430.8,167715.4,40,3,204986,5124.65,842,123,372711.3,442.65,1809,233,279490.5,154.5,26520,3574,1807338,68.15,33722,4617,1416324,42,168179,21811,2791771.4,16.6,482565,62100,4898034.75,10.15
1179,2018-12-20,19,5,24,13,9,32,20,15,0,0,0,0,6,0,358759.2,59793.2,49,11,219240.7,4474.3,934,122,398631.2,426.8,1870,312,298919.5,159.85,27243,3652,1932890.85,70.95,36073,4776,1515066,42,169622,22207,2993828.3,17.65,488282,64445,5249031.5,10.75
1180,2018-12-27,9,17,5,7,18,8,29,19,0,0,0,0,4,1,395876.6,98969.15,39,2,241924.8,6203.2,901,115,439868.2,488.2,2175,241,329947.5,151.7,31735,3820,2132592,67.2,41792,5136,1671680,40,197043,24080,3300470.25,16.75,550874,66365,5784177,10.5
1181,2019-01-03,8,11,19,12,7,25,33,13,0,0,0,0,6,0,694637.4,115772.9,105,12,424499.25,4042.85,2033,310,771828.45,379.65,3908,552,578774.8,148.1,56342,7343,3743925.9,66.45,72618,10108,2933767.2,40.4,350324,45291,5780346,16.5,994951,131853,10148500.2,10.2
1182,2019-01-10,3,10,7,28,34,24,31,14,0,0,0,0,15,2,1222999.5,81533.3,154,17,747385.1,4853.15,3192,364,1358834.4,425.7,6769,916,1019072.95,150.55,92436,12236,6590686.8,71.3,125074,16356,5165556.2,41.3,576846,76911,10181331.9,17.65,1663378,221966,17881313.5,10.75
1183,2019-01-17,20,18,33,22,11,26,4,9,1,0,107575649.1,107575649.1,20,2,1895858,94792.9,262,24,1158577.1,4422.05,4861,548,2106514.35,433.35,10151,1337,1580003.15,155.65,145122,18809,10216588.8,70.4,193224,25157,8009134.8,41.45,900437,115590,15802669.35,17.55,2602198,334275,27713408.7,10.65
1184,2019-01-24,17,29,35,23,19,8,2,3,0,0,0,0,0,0,0,0,29,4,250995,8655,588,80,173107.2,294.4,1009,104,129807.85,128.65,12828,1599,839592.6,65.45,18837,2515,657411.3,34.9,76356,9406,1298052,17,213233,26073,2281593.1,10.7
1185,2019-01-31,34,31,29,10,19,28,22,10,0,0,0,0,1,0,203054.95,203054.95,19,1,124089,6531,547,87,225610.15,412.45,1148,168,169215.2,147.4,16085,2054,1094584.25,68.05,21282,2534,857664.6,40.3,98977,12984,1692506.7,17.1,278077,36474,2961520.05,10.65
1186,2019-02-07,17,32,20,11,22,24,6,19,0,0,0,0,5,1,281063.75,56212.75,21,2,171761.1,8179.1,551,79,312279.25,566.75,1493,197,234251.7,156.9,21712,2530,1514412,69.75,27924,3506,1186770,42.5,135553,16401,2345066.9,17.3,390650,47777,4101825,10.5
1187,2019-02-14,3,23,10,21,6,34,11,5,0,0,0,0,3,1,350649.75,116883.25,51,3,214286.7,4201.7,900,97,389610,432.9,1886,202,292235.7,154.95,26893,3344,1889233.25,70.25,35530,4107,1479824.5,41.65,169378,20768,2921770.5,17.25,488453,60981,5128756.5,10.5
1188,2019-02-21,27,4,25,3,21,16,12,8,0,0,0,0,3,1,428301.45,142767.15,63,6,261739.8,4154.6,1116,113,475918.2,426.45,2299,284,356919.75,155.25,33165,4102,2308284,69.6,43222,5384,1808840.7,41.85,206269,26538,3568453.7,17.3,595898,76509,6256929,10.5
1189,2019-02-28,7,5,13,4,2,14,11,14,1,0,40000000,40000000,6,3,503326.8,83887.8,79,14,307590.45,3893.55,1456,231,559249.6,384.1,2774,399,419428.8,151.2,39169,5259,2712453.25,69.25,53646,7195,2124381.6,39.6,242604,31811,4197049.2,17.3,686745,90897,7348171.5,10.7
1190,2019-03-07,4,23,9,13,6,20,27,2,0,0,0,0,3,0,150254.55,50084.85,21,4,91822.5,4372.5,460,57,166957,362.95,853,104,125220.4,146.8,11014,1350,809529,73.5,17198,2186,634606.2,36.9,68132,8410,1253628.8,18.4,194611,24521,2199104.3,11.3
1191,2019-03-14,24,27,17,5,8,20,2,6,0,0,0,0,1,0,184477.8,184477.8,21,5,112736.4,5368.4,481,60,204978.15,426.15,966,133,153738.9,159.15,14328,1840,994363.2,69.4,19830,2548,779319,39.3,86690,10931,1538747.5,17.75,248009,31853,2690897.65,10.85
1192,2019-03-21,31,30,20,14,29,27,3,7,0,0,0,0,2,1,226984,113492,20,2,138712,6935.6,523,54,252216.75,482.25,1147,151,189140.3,164.9,17397,2204,1223009.1,70.3,21307,2617,958815,45,110709,14232,1893123.9,17.1,324670,41893,3311634,10.2
1193,2019-03-28,4,34,25,27,30,26,5,18,1,0,20000000,20000000,20,0,293625,14681.25,27,3,179436.6,6645.8,542,75,326256.9,601.95,1264,202,244710.4,193.6,20192,2805,1582043.2,78.35,25277,3436,1239836.85,49.05,134648,18809,2443861.2,18.15,398580,55249,4284735,10.75
1194,2019-04-04,2,25,14,16,12,33,21,4,0,0,0,0,0,0,0,0,27,1,244784.7,9066.1,367,51,168820,460,682,74,126613.3,185.65,10609,1284,819014.8,77.2,13018,1642,641787.4,49.3,68085,8171,1266381,18.6,202801,24565,2220670.95,10.95
1195,2019-04-11,15,32,20,8,19,18,22,9,0,0,0,0,2,0,198487.1,99243.55,27,2,121297.5,4492.5,516,42,220538.4,427.4,1001,119,165415.25,165.25,15159,1965,1069467.45,70.55,20165,2384,837855.75,41.55,94925,12442,1651695,17.4,275204,35362,2903402.2,10.55
1196,2019-04-18,21,2,17,30,4,1,11,2,0,0,0,0,0,0,0,0,21,1,401291.1,19109.1,525,59,276753.75,527.15,1251,168,207540.9,165.9,18462,2353,1342187.4,72.7,24994,3034,1052247.4,42.1,114391,14256,2076196.65,18.15,325190,40446,3642128,11.2
1197,2019-04-25,25,33,23,5,9,2,11,6,0,0,0,0,1,0,253892.75,253892.75,41,9,155156.3,3784.3,656,98,282112.8,430.05,1344,140,211545.6,157.4,19814,2243,1368156.7,69.05,27387,3397,1072201.05,39.15,120965,14173,2116887.5,17.5,343117,40826,3705663.6,10.8
1198,2019-05-02,4,2,11,6,9,8,33,4,1,0,30000000,30000000,5,0,383446.5,76689.3,49,4,234327.8,4782.2,1106,102,426031.2,385.2,2310,269,319588.5,138.35,31166,3801,2066305.8,66.3,43054,5067,1618830.4,37.6,187156,23385,3191009.8,17.05,521494,65812,5606060.5,10.75
1199,2019-05-09,29,15,5,17,19,26,18,2,0,0,0,0,0,0,0,0,11,1,220516.45,20046.95,307,37,152087.8,495.4,691,78,114049.55,165.05,10006,1211,737442.2,73.7,13988,1704,577704.4,41.3,61233,7591,1141995.45,18.65,175181,21366,1997063.4,11.4
1200,2019-05-16,11,13,35,34,1,17,24,19,1,0,8000000,8000000,2,0,186928.7,93464.35,20,3,114234,5711.7,421,51,207700.35,493.35,944,128,155760,165,14019,1823,1007265.15,71.85,18076,2198,789017.4,43.65,89301,11478,1558302.45,17.45,261133,32821,2728839.85,10.45
1201,2019-05-23,10,7,6,17,16,30,20,4,0,0,0,0,2,0,137845.3,68922.65,26,2,84238.7,3239.95,374,52,153153,409.5,717,78,114863.4,160.2,10262,1205,742968.8,72.4,14803,1773,581757.9,39.3,63734,7824,1147212,18,183381,22335,2017191,11
1202,2019-05-30,31,14,34,22,10,17,4,7,0,0,0,0,2,0,171517.9,85758.95,29,2,104816.15,3614.35,495,80,190575,385,974,135,142934.5,146.75,13630,1860,924114,67.8,16901,2487,724207.85,42.85,83151,10814,1430197.2,17.2,243413,31888,2507153.9,10.3
1203,2019-06-06,8,33,35,7,31,2,11,20,0,0,0,0,2,0,210344.2,105172.1,19,3,128543.55,6765.45,354,49,233710.8,660.2,1167,119,175283.4,150.2,17078,2099,1133125.3,66.35,21225,2606,888266.25,41.85,104160,12618,1755096,16.85,292316,36400,3069318,10.5
1204,2019-06-13,8,17,23,5,1,25,11,3,0,0,0,0,3,0,254377.65,84792.55,47,8,155452.5,3307.5,900,88,282645,314.05,1575,210,211995,134.6,21477,2703,1371306.45,63.85,30324,3847,1073469.6,35.4,126515,17099,2119126.25,16.75,351157,47498,3722264.2,10.6
1205,2019-06-20,19,16,4,34,10,17,14,13,0,0,0,0,0,0,0,0,37,9,501190.9,13545.7,780,103,345657,443.15,1622,247,259276.7,159.85,23701,3276,1676845.75,70.75,31378,4682,1313169.3,41.85,150487,20651,2595900.75,17.25,441650,59761,4548995,10.3
1206,2019-06-27,7,32,27,17,2,35,21,7,0,0,0,0,7,2,424335.45,60619.35,79,21,259317.5,3282.5,1141,174,471461.2,413.2,2976,422,353548.8,118.8,37412,5369,2285873.2,61.1,46186,6713,1792016.8,38.8,217480,31044,3534050,16.25,606172,86368,6213263,10.25
1207,2019-07-04,2,21,15,20,28,27,22,3,0,0,0,0,9,1,591072.75,65674.75,66,8,361211.4,5472.9,1364,185,656766,481.5,3010,382,492586.5,163.65,43578,5699,3185551.8,73.1,57116,7361,2495969.2,43.7,274778,36576,4932265.1,17.95,803923,105834,8642172.25,10.75
1208,2019-07-11,21,27,8,6,28,34,7,16,0,0,0,0,9,1,825560.1,91728.9,123,11,504509.1,4101.7,2037,210,917261.1,450.3,4174,518,687875.2,164.8,60754,7884,4450230.5,73.25,78934,10309,3484936.1,44.15,387051,50640,6870155.25,17.75,1116612,145644,12059409.6,10.8
1209,2019-07-18,6,13,1,11,23,27,16,11,3,0,110000000,36666666.67,34,2,1675387.4,49276.1,257,36,1023849.45,3983.85,4530,571,1861603.5,410.95,9758,1232,1396369.8,143.1,135958,16977,9027611.2,66.4,176773,21843,7070920,40,832131,103947,13979800.8,16.8,2359734,292310,24423246.9,10.35
1210,2019-07-25,23,9,3,22,1,24,11,4,0,0,0,0,7,1,159457.55,22779.65,15,0,97446,6496.4,382,41,177171.6,463.8,879,101,132860.85,151.15,12128,1402,859268.8,70.85,17348,2064,673102.4,38.8,76530,9058,1327795.5,17.35,217870,26179,2331209,10.7
1211,2019-08-01,15,35,9,25,22,30,23,6,0,0,0,0,1,0,197107.1,197107.1,20,1,120454,6022.7,369,48,219001.5,593.5,1069,139,164251.85,153.65,14289,1795,1062387.15,74.35,18894,2491,832280.7,44.05,90084,11587,1644033,18.25,262937,33095,2879160.15,10.95
1212,2019-08-08,30,29,1,16,11,17,5,8,0,0,0,0,3,0,257153.85,85717.95,36,5,157149,4365.25,736,93,285715.2,388.2,1462,177,214329.2,146.6,20061,2420,1386215.1,69.1,26635,3193,1085376.25,40.75,126093,15563,2143581,17,366146,44857,3752996.5,10.25
1213,2019-08-15,24,35,27,30,21,7,14,13,0,0,0,0,8,2,335398.8,41924.85,50,3,204965,4099.3,886,119,372651.6,420.6,2086,252,279524,134,27501,3509,1806815.7,65.7,36893,5236,1416691.2,38.4,165668,21483,2791505.8,16.85,477907,61347,4898546.75,10.25
1214,2019-08-22,10,11,17,35,7,26,3,19,0,0,0,0,5,1,445711,89142.2,68,8,272377.4,4005.55,1319,218,495218.55,375.45,2645,362,371490.25,140.45,37779,5174,2402744.4,63.6,50866,7152,1882042,37,222717,30429,3719373.9,16.7,623492,85280,6515491.4,10.45
1215,2019-08-29,8,20,9,11,27,22,32,20,0,0,0,0,4,0,615184.8,153796.2,113,21,375945.35,3326.95,1903,202,683557.6,359.2,3454,526,512573.6,148.4,49561,6393,3315630.9,66.9,65943,8711,2598154.2,39.4,302196,39282,5122222.2,16.95,853711,111813,9006651.05,10.55
1216,2019-09-05,16,4,14,2,29,19,27,13,0,0,0,0,10,1,924077,92407.7,110,13,564712.5,5133.75,2091,267,1026785.55,491.05,4736,586,770073.6,162.6,71905,9063,4979421.25,69.25,90614,11378,3900932.7,43.05,446796,54894,7707231,17.25,1296267,159012,13481176.8,10.4
1217,2019-09-12,27,28,10,20,11,30,31,2,0,0,0,0,8,0,1390142.8,173767.85,159,18,849529.05,5342.95,3229,450,1544592.15,478.35,6912,824,1158451.2,167.6,101351,12671,7489838.9,73.9,136600,16852,5866970,42.95,645901,79643,11593922.95,17.95,1866572,230741,20345634.8,10.9
1218,2019-09-19,26,4,17,5,18,8,31,9,3,0,150000000,50000000,18,1,2266504.2,125916.9,267,31,1385089.2,5187.6,5202,557,2518288.2,484.1,11919,1442,1888565.55,158.45,172994,20410,12213376.4,70.6,227514,26877,9566963.7,42.05,1088866,126376,18891825.1,17.35,3141324,361089,33140968.2,10.55
1219,2019-09-26,33,30,25,26,22,9,27,19,0,0,0,0,1,0,171425.5,171425.5,17,2,104759.95,6162.35,317,21,190469.45,600.85,839,77,142839.75,170.25,12560,1401,923788,73.55,14960,1776,724064,48.4,81056,9226,1426585.6,17.6,239193,27787,2499566.85,10.45
1220,2019-10-03,2,15,20,29,22,25,11,3,0,0,0,0,5,0,203436.75,40687.35,91,5,124324.2,1366.2,1330,88,226033.5,169.95,1633,168,169505.4,103.8,16978,1970,1095929.9,64.55,26464,2737,858756.8,32.45,98361,11339,1696727.25,17.25,279707,32182,2978879.55,10.65
1221,2019-10-10,28,11,27,16,6,3,35,10,1,0,12000000,12000000,5,1,241853.25,48370.65,37,5,147798.35,3994.55,641,86,268739.25,419.25,1341,154,201552.3,150.3,19131,2342,1303777.65,68.15,25507,2995,1021555.35,40.05,118833,14559,2014219.35,16.95,343462,41335,3537658.6,10.3
1222,2019-10-17,9,2,25,21,7,6,22,12,0,0,0,0,0,0,0,0,19,2,264599.7,13926.3,372,34,182484.6,490.55,887,85,136864.1,154.3,13082,1396,884997.3,67.65,16214,1839,693148.5,42.75,81373,9341,1367066.4,16.8,231819,26685,2399326.65,10.35
1223,2019-10-24,19,11,1,24,7,12,30,7,0,0,0,0,2,0,222614.3,111307.15,31,7,136041.95,4388.45,572,84,247361.4,432.45,1407,174,185512.95,131.85,20000,2329,1200000,60,23756,2848,939549.8,39.55,119768,14108,1856404,15.5,330150,39305,3251977.5,9.85
1224,2019-10-31,10,29,16,33,9,22,18,8,0,0,0,0,2,0,254927.8,127463.9,33,4,155789.7,4720.9,614,56,283238.2,461.3,1258,148,212413.3,168.85,19082,2021,1373904,72,24236,2691,1076078.4,44.4,120430,13233,2125589.5,17.65,354238,39774,3719499,10.5
1225,2019-11-07,21,12,10,13,33,7,3,4,0,0,0,0,4,0,341213.8,85303.45,42,4,208519.5,4964.75,951,108,379116.15,398.65,1900,212,284335,149.65,27183,3215,1838929.95,67.65,38970,4713,1439941.5,36.95,164327,19600,2842857.1,17.3,463236,55406,4979787,10.75
1226,2019-11-14,8,28,24,10,20,32,26,6,0,0,0,0,5,1,453433.25,90686.65,60,7,277098,4618.3,1198,187,503818.9,420.55,2254,300,377883.1,167.65,33795,4047,2443378.5,72.3,45569,5786,1913898,42,210245,25425,3773897.75,17.95,611004,75111,6629393.4,10.85
1227,2019-11-21,1,12,3,2,25,13,23,1,1,0,40000000,40000000,24,0,543842.4,22660.1,74,8,332348.8,4491.2,1383,175,604301.85,436.95,2886,387,453246.3,157.05,40820,5167,2930876,71.8,53910,7182,2296566,42.6,257324,33092,4528902.4,17.6,735819,92816,7946845.2,10.8
1228,2019-11-28,20,21,23,12,18,30,4,1,0,0,0,0,2,0,169228.3,84614.15,17,4,103416.95,6083.35,405,32,188041.5,464.3,809,92,141008.7,174.3,12043,1410,911655.1,75.7,17380,2106,714318,41.1,74913,8837,1408364.4,18.8,216127,25505,2474654.15,11.45
1229,2019-12-05,29,32,30,14,19,20,27,6,0,0,0,0,0,0,0,0,36,1,369696.6,10269.35,639,47,254961,399,1098,127,191216.7,174.15,16465,1946,1236521.5,75.1,20643,2317,969188.85,46.95,104447,12111,1911380.1,18.3,304461,35187,3349071,11
1230,2019-12-12,15,9,16,35,18,28,11,9,0,0,0,0,1,0,282828.5,282828.5,43,5,172840.65,4019.55,598,52,314249,525.5,1458,144,235685.7,161.65,22374,2485,1523669.4,68.1,26810,2784,1194385.5,44.55,140354,15353,2357947.2,16.8,398247,44405,4141768.8,10.4
1231,2019-12-19,9,11,8,32,4,10,29,18,0,0,0,0,2,0,287908.1,143954.05,24,6,175944,7331,546,56,319901.4,585.9,1365,175,239898.75,175.75,21624,2363,1551522,71.75,28308,3103,1215828.6,42.95,137835,15323,2398329,17.4,393468,43817,4210107.6,10.7
1232,2019-12-26,27,17,26,12,23,7,9,2,1,0,24297756.97,24297756.97,4,1,280530.4,70132.6,39,5,171434.25,4395.75,706,120,311699,441.5,1743,201,233736.3,134.1,22513,2444,1511747.95,67.15,33514,3671,1184719.9,35.35,136267,14444,2336979.05,17.15,375979,41180,4098171.1,10.9
1233,2020-01-02,27,25,21,3,35,2,9,4,0,0,0,0,1,0,160070.8,160070.8,25,2,97821.25,3912.85,454,53,177854.5,391.75,784,114,133397.6,170.15,11498,1417,862350,75,15871,2078,676104.6,42.6,74318,8593,1334008.1,17.95,216322,24930,2336277.6,10.8
1234,2020-01-09,31,9,7,3,29,4,24,2,0,0,0,0,1,0,228118.7,228118.7,34,4,139405.1,4100.15,600,90,253470,422.45,1145,132,190127.25,166.05,17120,1939,1229216,71.8,23797,2831,962588.65,40.45,105483,12521,1898694,18,301449,35456,3331011.45,11.05
1235,2020-01-16,20,25,7,14,21,28,16,11,0,0,0,0,4,1,288827,72206.75,50,3,176505,3530.1,787,74,320899.25,407.75,1675,185,240697.5,143.7,22720,2508,1556320,68.5,29495,3362,1219618.25,41.35,141335,15674,2409761.75,17.05,409406,45632,4216881.8,10.3
1236,2020-01-23,13,10,23,5,27,4,28,4,0,0,0,0,4,0,383527.6,95881.9,57,2,234378.3,4111.9,886,125,426121.7,480.95,2296,260,319603.2,139.2,31216,3612,2066499.2,66.2,42753,5046,1620338.7,37.9,189978,22563,3191630.4,16.8,528973,63232,5607113.8,10.6
1237,2020-01-30,8,9,35,22,20,17,5,16,0,0,0,0,7,1,511303.1,73043.3,58,8,312463.4,5387.3,1350,193,568147.5,420.85,2589,320,426149.4,164.6,38164,4766,2755440.8,72.2,52860,6279,2159331,40.85,240119,29891,4262112.25,17.75,684079,84748,7456461.1,10.9
1238,2020-02-06,26,3,11,2,15,1,35,17,1,0,60000000,60000000,3,0,752661.3,250887.1,78,7,459958.2,5896.9,1677,166,836319.9,498.7,3641,423,627162.25,172.25,54715,6665,4057117.25,74.15,70580,8483,3179629,45.05,348573,42459,6274314,18,1014365,122806,11005860.25,10.85
1239,2020-02-13,25,7,29,14,5,32,2,3,0,0,0,0,2,0,161877.6,80938.8,29,4,98924.8,3411.2,415,45,179861,433.4,940,97,134890,143.5,12979,1506,872188.8,67.2,16517,1576,683803.8,41.4,76255,8750,1349713.5,17.7,216769,25032,2362782.1,10.9
1240,2020-02-20,26,3,31,12,13,1,21,19,0,0,0,0,1,0,242787.4,242787.4,35,4,148370.25,4239.15,731,41,269775.55,369.05,1353,155,202341.15,149.55,18239,2128,1308648.25,71.75,26324,2771,1025319.8,38.95,112922,12773,2021303.8,17.9,326773,37044,3545487.05,10.85
1241,2020-02-27,16,24,31,9,17,22,1,2,0,0,0,0,1,0,320535.65,320535.65,23,4,195882.95,8516.65,643,110,356157.7,553.9,1533,197,267125.25,174.25,21987,2524,1727078.85,78.55,29593,3396,1353879.75,45.75,140878,15823,2669638.1,18.95,413765,46719,4675544.5,11.3
1242,2020-03-05,24,28,27,23,16,10,33,12,0,0,0,0,7,1,413439.95,59062.85,55,7,252659,4593.8,1043,115,459389.35,440.45,2018,267,344573.5,170.75,30176,3524,2228497.6,73.85,38433,4564,1744858.2,45.4,192067,21818,3447602.65,17.95,560051,63255,6048550.8,10.8
1243,2020-03-12,20,10,17,28,19,33,26,2,0,0,0,0,5,0,539282,107856.4,66,4,329561.1,4993.35,1463,172,599171.65,409.55,2713,372,449408.45,165.65,38351,4911,2907005.8,75.8,52284,6774,2276968.2,43.55,243517,30646,4492888.65,18.45,704084,89870,7885740.8,11.2
1244,2020-03-19,18,1,12,10,27,20,11,20,0,0,0,0,11,2,725327.35,65938.85,109,12,443253.95,4066.55,1983,220,805891.2,406.4,3921,444,604422.15,154.15,56526,6784,3908772.9,69.15,72424,8305,3063535.2,42.3,350618,41729,6048160.5,17.25,993540,117536,10581201,10.65
1245,2020-03-26,14,21,16,12,1,29,27,7,1,0,80000000,80000000,5,1,941466.75,188293.35,104,11,575338.4,5532.1,1969,159,1046031.25,531.25,4896,578,784584,160.25,70626,7829,5074478.1,71.85,90052,10556,3975795.8,44.15,447807,49559,7836622.5,17.5,1301356,145657,13729305.8,10.55
1246,2020-04-02,17,19,26,22,1,14,3,18,0,0,0,0,5,0,175940.25,35188.05,17,0,107519.05,6324.65,445,28,195488.5,439.3,855,84,146632.5,171.5,12683,1409,948054.25,74.75,17440,1757,742944,42.6,80286,9062,1465219.5,18.25,231697,25664,2571836.7,11.1
1247,2020-04-09,2,4,18,34,27,12,19,11,0,0,0,0,3,1,250206,83402,30,1,152904,5096.8,544,57,278011.2,511.05,1320,153,208494,157.95,19081,2099,1348072.65,70.65,24601,2632,1056612.95,42.95,121848,13308,2083600.8,17.1,351168,38563,3652147.2,10.4
1248,2020-04-16,8,24,25,19,18,12,15,18,0,0,0,0,3,0,326549.7,108849.9,38,0,199558.9,5251.55,746,60,362817.1,486.35,1708,149,272084.4,159.3,24512,2525,1759961.6,71.8,31285,2915,1378104.25,44.05,152388,16089,2720125.8,17.85,432085,45547,4774539.25,11.05
1249,2020-04-23,32,35,3,18,7,6,14,2,1,0,23686120.08,23686120.08,3,1,465420.3,155140.1,51,10,284424.45,5576.95,1057,128,517137.25,489.25,2249,242,387840.05,172.45,32846,3723,2507792.1,76.35,44407,5031,1965009.75,44.25,207980,23363,3878827,18.65,607422,69205,6803126.4,11.2
1250,2020-04-30,6,32,9,17,25,34,28,10,0,0,0,0,2,0,199678.5,99839.25,24,1,122025.6,5084.4,458,31,221855.2,484.4,957,111,166422.3,173.9,13900,1486,1075860,77.4,18550,2022,843097.5,45.45,88212,9703,1662796.2,18.85,262074,29130,2922125.1,11.15
1251,2020-05-07,12,9,16,23,26,35,29,10,1,0,8948153.83,8948153.83,4,2,261093.4,65273.35,51,5,159556.05,3128.55,796,51,290102.2,364.45,1371,136,217577.7,158.7,19478,2023,1407285.5,72.25,26757,2669,1102388.4,41.2,120690,12411,2178454.5,18.05,348856,36439,3819973.2,10.95
1252,2020-05-14,23,22,31,8,4,24,3,15,0,0,0,0,1,0,195455.75,195455.75,16,2,119444.8,7465.3,387,43,217165.05,561.15,886,82,162891.1,183.85,14143,1593,1052946.35,74.45,18165,2069,825599.25,45.45,91526,10183,1629162.8,17.8,265731,30301,2856608.25,10.75
1253,2020-05-21,30,9,23,32,18,8,7,4,0,0,0,0,5,0,276071.75,55214.35,33,4,168710.85,5112.45,661,59,306737.05,464.05,1320,159,230076,174.3,20116,2125,1487578.2,73.95,26661,3074,1165085.7,43.7,129430,13541,2297382.5,17.75,373382,38007,4032525.6,10.8
1254,2020-05-28,24,30,25,10,9,21,32,19,1,0,17361060.3,17361060.3,3,1,421321.95,140440.65,52,4,257475.4,4951.45,865,108,468138,541.2,2066,250,351116.7,169.95,30426,3491,2269779.6,74.6,37605,4264,1778716.5,47.3,191300,21129,3510355,18.35,565261,62964,6161344.9,10.9
1255,2020-06-04,20,12,27,1,5,10,17,13,0,0,0,0,4,0,205513.8,51378.45,42,5,125592.6,2990.3,676,73,228352.8,337.8,1315,122,171278.75,130.25,17622,1933,1107542.7,62.85,23813,2430,867983.85,36.45,106374,11535,1712621.4,16.1,296407,31861,3008531.05,10.15
1256,2020-06-11,17,28,26,1,14,22,33,9,0,0,0,0,3,1,284602.2,94867.4,39,7,173924.4,4459.6,660,59,316239,479.15,1502,152,237165.8,157.9,20966,2227,1533662.9,73.15,26948,2881,1201880.8,44.6,132656,13920,2374542.4,17.9,384504,40877,4152643.2,10.8
1257,2020-06-18,32,24,28,17,7,14,22,1,0,0,0,0,3,0,362793.15,120931.05,52,6,221707.2,4263.6,1004,104,403106,401.5,1741,180,302324.65,173.65,25420,2518,1954798,76.9,37295,3544,1530959.75,41.05,160427,15559,3024048.95,18.85,459669,45682,5309176.95,11.55
1258,2020-06-25,35,12,20,24,27,8,18,17,0,0,0,0,5,0,548036,109607.2,64,6,334912,5233,1293,141,608938.35,470.95,2889,324,456750.9,158.1,41255,4411,2953858,71.6,55997,6122,2312676.1,41.3,254024,26083,4572432,18,728900,74694,8017900,11
1259,2020-07-02,26,15,16,6,1,21,10,19,0,0,0,0,4,0,789169.4,197292.35,109,12,482270.5,4424.5,2119,175,876842.2,413.8,4193,410,657672.05,156.85,57662,6291,4252572.5,73.75,79944,8077,3333664.8,41.7,358821,38531,6584365.35,18.35,1047460,111482,11522060,11
1260,2020-07-09,33,2,32,31,28,21,26,12,1,0,80000000,80000000,6,1,1228937.1,204822.85,133,24,751017.75,5646.75,2692,383,1365517,507.25,5858,643,1023978.4,174.8,87093,9122,6623422.65,76.05,108951,11893,5191515.15,47.65,555628,58489,10251336.6,18.45,1644065,172407,17920308.5,10.9
1261,2020-07-16,18,34,32,23,26,14,11,5,0,0,0,0,5,1,227846.75,45569.35,32,3,139240,4351.25,601,73,253171.25,421.25,1199,138,189861.65,158.35,17097,1784,1227564.6,71.8,22185,2402,961719.75,43.35,107509,11104,1897533.85,17.65,312624,33016,3329445.6,10.65
1262,2020-07-23,9,17,28,16,3,7,32,6,0,0,0,0,3,0,291702,97234,46,3,178261.5,3875.25,857,126,324117.4,378.2,1535,168,243067.25,158.35,22224,2305,1572348,70.75,30542,3117,1232369.7,40.35,137683,13932,2430104.95,17.65,392417,39559,4257724.45,10.85
1263,2020-07-30,24,3,30,19,27,9,35,1,1,0,20000000,20000000,3,0,504861.75,168287.25,70,7,308525,4407.5,1301,209,560926.15,431.15,2604,305,420676.2,161.55,37006,4143,2719941,73.5,54054,6502,2132430.3,39.45,227701,25819,4212468.5,18.5,652383,73514,7371927.9,11.3
1264,2020-08-06,14,23,5,18,33,27,7,7,0,0,0,0,3,1,224789.25,74929.75,32,4,137371.2,4292.85,632,48,249766.4,395.2,1418,164,187317.8,132.1,19993,2276,1211575.8,60.6,24817,2631,949250.25,38.25,119371,13555,1874124.7,15.7,329412,37297,3277649.4,9.95
1265,2020-08-13,5,24,15,16,14,32,6,19,1,0,10307848.53,10307848.53,3,1,305179.05,101726.35,34,0,186498.5,5485.25,616,59,339077.2,550.45,1403,182,254293.75,181.25,20674,2285,1644616.7,79.55,26620,2955,1288408,48.4,135041,15020,2545522.85,18.85,407251,44935,4459398.45,10.95
1266,2020-08-20,18,8,23,21,12,17,35,1,0,0,0,0,1,0,215830.55,215830.55,17,1,131896.2,7758.6,449,36,239810.9,534.1,1072,130,179881.6,167.8,15422,1739,1162818.8,75.4,22134,2456,910814.1,41.15,95488,11002,1799948.8,18.85,274962,31146,3148314.9,11.45
1267,2020-08-27,23,2,16,14,18,13,28,9,0,0,0,0,4,0,304738.4,76184.6,54,3,186229.8,3448.7,852,106,338584.8,397.4,1585,160,253917,160.2,22845,2448,1642555.5,71.9,31042,3236,1286690.9,41.45,143045,15316,2539048.75,17.75,414240,43751,4453080,10.75
1268,2020-09-03,17,23,32,3,1,9,13,19,0,0,0,0,2,1,460985.9,230492.95,77,14,281712.2,3658.6,1465,127,512237.25,349.65,2804,324,384148,137,38146,3965,2483304.6,65.1,50296,5232,1946455.2,38.7,224700,23741,3842370,17.1,630522,65395,6746585.4,10.7
1269,2020-09-10,10,23,9,2,19,29,8,14,0,0,0,0,4,0,677982.2,169495.55,115,15,414322,3602.8,2132,268,753342.2,353.35,3817,465,564916,148,52841,6108,3653955.15,69.15,74908,8896,2861485.6,38.2,323372,37664,5642841.4,17.45,920738,107255,9897933.5,10.75
1270,2020-09-17,4,11,19,28,3,5,7,6,1,0,60000000,60000000,26,1,935425.4,35977.9,128,9,571648,4466,2808,269,1039381.2,370.15,5362,619,779634.8,145.4,76304,8530,5039879.2,66.05,105773,11791,3950621.55,37.35,454331,51604,7791776.65,17.15,1267440,145186,13688352,10.8
1271,2020-09-24,13,11,1,32,31,3,8,3,0,0,0,0,0,0,0,0,46,2,360554.9,7838.15,611,54,248646.45,406.95,1386,162,186486.3,134.55,18503,2011,1206395.6,65.2,24024,2646,945344.4,39.35,110074,12058,1865754.3,16.95,308914,33030,3274488.4,10.6
1272,2020-10-01,16,30,22,26,11,15,18,4,0,0,0,0,5,1,312537.25,62507.45,35,9,190995,5457,647,71,347277.25,536.75,1535,136,260412.75,169.65,22571,2288,1683796.6,74.6,30275,2896,1319990,43.6,142530,14576,2601172.5,18.25,416065,43026,4576715,11
1273,2020-10-08,35,9,10,17,19,11,20,3,0,0,0,0,3,0,488236.2,162745.4,59,8,298365.95,5057.05,1224,145,542476.8,443.2,2702,314,406921.2,150.6,38303,4013,2631416.1,68.7,51331,5633,2060939.65,40.15,237612,25131,4063165.2,17.1,668167,70933,7149386.9,10.7
1274,2020-10-15,27,7,31,32,2,9,15,7,1,0,40000000,40000000,25,1,700702.5,28028.1,104,9,428204.4,4117.35,1693,234,778526.05,459.85,4162,397,583928.6,140.3,57336,6325,3775575.6,65.85,74868,7368,2957286,39.5,343267,38729,5835539,17,983095,109116,10224188,10.4
1275,2020-10-22,5,10,19,1,6,16,31,10,0,0,0,0,3,0,216866.1,72288.7,44,9,132530.2,3012.05,582,83,240948,414,1267,191,180737.55,142.65,17178,1972,1168962.9,68.05,21699,2400,915697.8,42.2,104213,11520,1808095.55,17.35,293528,32629,3170102.4,10.8
1276,2020-10-29,31,10,24,2,16,28,1,19,0,0,0,0,4,0,283608.2,70902.05,30,3,173316,5777.2,565,51,315128.75,557.75,1334,123,236318.1,177.15,20154,1985,1528680.9,75.85,25552,2566,1197111.2,46.85,129505,12929,2363466.25,18.25,382643,38970,4151676.55,10.85
1277,2020-11-05,24,3,13,2,35,14,21,12,1,0,20000000,20000000,2,0,447630.9,223815.45,44,3,273552.4,6217.1,986,92,497387.7,504.45,2217,229,373010.25,168.25,32873,3623,2412878.2,73.4,42984,4766,1889146.8,43.95,207485,22975,3734730,18,605425,66092,6538590,10.8
1278,2020-11-12,6,19,11,23,9,24,14,20,0,0,0,0,1,0,199206.4,199206.4,24,5,121737.6,5072.4,439,52,221343.8,504.2,1139,109,166009.25,145.75,15684,1787,1073569.8,68.45,21627,2262,841290.3,38.9,96069,10970,1661993.7,17.3,274098,29789,2905438.8,10.6
1279,2020-11-19,30,7,12,13,1,34,26,11,0,0,0,0,4,0,267248.6,66812.15,37,5,163318,4414,562,56,296932.7,528.35,1358,147,222712,164,20277,2348,1439667,71,24557,2548,1128394.15,45.95,127912,14379,2225668.8,17.4,376114,41586,3911585.6,10.4
1280,2020-11-26,30,20,7,3,25,21,31,2,1,0,20000000,20000000,5,0,457492.75,91498.55,57,10,279579.3,4904.9,974,125,508330.6,521.9,2218,266,381274.2,171.9,32774,3864,2464604.8,75.2,44404,5110,1931574,43.5,208826,24264,3811074.5,18.25,605370,70231,6689338.5,11.05
1281,2020-12-03,21,29,15,1,28,12,17,17,0,0,0,0,2,0,202855.9,101427.95,24,5,123967.2,5165.3,476,102,225386,473.5,961,129,169039.9,175.9,14485,1573,1092893.25,75.45,18020,2127,856851,47.55,94164,10545,1690243.8,17.95,269368,30206,2963048,11
1282,2020-12-10,14,8,19,20,11,9,4,19,0,0,0,0,7,0,285188.75,40741.25,54,7,174282.3,3227.45,849,144,316889.25,373.25,1848,199,237652.8,128.6,24820,2771,1536358,61.9,31554,3463,1203785.1,38.15,148671,16411,2378736,16,409071,44284,4172524.2,10.2
1283,2020-12-17,29,4,17,16,33,5,9,13,1,0,20000000,20000000,4,0,459806.6,114951.65,60,5,280992,4683.2,1086,142,510908.7,470.45,2409,262,383151.45,159.05,34778,3949,2477932.5,71.25,44196,5057,1942414.2,43.95,221328,25258,3828974.4,17.3,643455,73133,6724104.75,10.45
1284,2020-12-24,12,9,21,4,11,32,29,2,0,0,0,0,0,0,0,0,20,4,348702,17435.1,479,79,240481.95,502.05,1106,153,180388.6,163.1,16015,1879,1166692.75,72.85,21285,2760,914190.75,42.95,100021,11970,1805379.05,18.05,283824,33775,3164637.6,11.15
1285,2020-12-31,1,11,28,8,7,2,16,7,1,0,9835085.97,9835085.97,3,0,289236,96412,53,8,176755,3335,832,114,321360,386.25,1954,195,241025.9,123.35,26580,2847,1558917,58.65,33291,3537,1221779.7,36.7,156889,16555,2408246.15,15.35,422000,45490,4220000,10
1286,2021-01-07,22,3,17,2,23,20,7,5,0,0,0,0,1,0,194573.1,194573.1,28,2,118906.2,4246.65,532,35,216204.8,406.4,1154,113,162137,140.5,16450,1674,1048687.5,63.75,23997,2421,821897.25,34.25,97090,10583,1621403,16.7,269136,29534,2839384.8,10.55
1287,2021-01-14,26,27,17,1,2,31,20,14,0,0,0,0,6,0,274081.2,45680.2,33,5,167494.8,5075.6,464,45,304523.2,656.3,1230,161,228411,185.7,18943,2148,1476606.85,77.95,24647,2888,1157176.65,46.95,122074,13753,2282783.8,18.7,360218,40035,3998419.8,11.1
1288,2021-01-21,29,35,19,15,6,22,27,14,2,0,20000000,10000000,23,0,444374.95,19320.65,49,7,271562.9,5542.1,1092,161,493747.8,452.15,2307,274,370273.5,160.5,32537,3970,2394723.2,73.6,44666,5166,1875972,42,201653,24455,3700332.55,18.35,580857,68806,6505598.4,11.2
1289,2021-01-28,6,16,13,12,10,20,30,11,0,0,0,0,2,1,252643.5,126321.75,32,2,154393.6,4824.8,659,56,280701.05,425.95,1282,155,210504.4,164.2,19165,2277,1361673.25,71.05,24739,2608,1066250.9,43.1,120487,13890,2102498.15,17.45,345263,40269,3694314.1,10.7
1290,2021-02-04,18,29,34,33,6,30,2,8,0,0,0,0,1,0,420539.7,420539.7,49,4,256997.65,5244.85,913,69,467273.4,511.8,1935,180,350428.5,181.1,29955,2987,2266095.75,75.65,36654,3822,1775886.3,48.45,193228,19790,3507088.2,18.15,577294,58415,6148181.1,10.65
1291,2021-02-11,20,32,26,29,16,7,1,14,0,0,0,0,3,2,557772.6,185924.2,65,5,340860,5244,1171,148,619751.75,529.25,2671,288,464754,174,39262,4224,3005506.1,76.55,52745,5604,2355064.25,44.65,250522,26810,4647183.1,18.55,731133,78656,8152132.95,11.15
1292,2021-02-18,13,25,30,3,19,16,22,10,1,0,50000000,50000000,9,1,891670.05,99074.45,125,16,544912.5,4359.3,2228,286,990791.6,444.7,4802,660,743109.5,154.75,67702,8580,4803456.9,70.95,91147,11527,3764371.1,41.3,414590,52674,7421161,17.9,1190360,149344,13034442,10.95
1293,2021-02-25,25,17,33,23,20,19,11,3,0,0,0,0,3,0,261574.35,87191.45,40,6,159850,3996.25,631,33,290638.6,460.6,1435,138,217976.5,151.9,21332,2513,1410045.2,66.1,26385,2773,1104212.25,41.85,128888,15211,2178207.2,16.9,360579,42357,3822137.4,10.6
1294,2021-03-04,6,7,22,33,18,28,1,4,0,0,0,0,2,1,422035.2,211017.6,53,5,257911.25,4866.25,1008,98,468921.6,465.2,2121,205,351661.8,165.8,31552,3456,2274899.2,72.1,41466,4550,1780964.7,42.95,195722,21337,3513209.9,17.95,565691,62323,6166031.9,10.9
1295,2021-03-11,8,19,14,26,21,17,1,20,0,0,0,0,5,1,516621.75,103324.35,65,11,315714.75,4857.15,1186,140,574024,484,2694,307,430501.2,159.8,38997,4397,2784385.8,71.4,52538,5981,2180327,41.5,241343,27061,4307972.55,17.85,692921,78650,7552838.9,10.9
1296,2021-03-18,18,30,16,29,6,33,35,4,1,0,50000000,50000000,26,0,796555.5,30636.75,88,7,486785.2,5531.65,1666,186,885062.5,531.25,3827,421,663793.15,173.45,56221,6415,4292473.35,76.35,75522,8936,3364505.1,44.55,353373,40713,6643412.4,18.8,1039743,118867,11645121.6,11.2
1297,2021-03-25,14,15,16,21,12,25,10,5,0,0,0,0,0,0,0,0,31,5,431210,13910,637,79,297383.45,466.85,1317,136,223033.95,169.35,18964,2033,1442212.2,76.05,24090,2576,1129821,46.9,122691,13654,2232976.2,18.2,360069,40205,3906748.65,10.85
1298,2021-04-01,27,23,1,26,25,13,7,15,0,0,0,0,3,0,424035,141345,47,6,259132.15,5513.45,1071,171,471132.9,439.9,2221,284,353361.1,159.1,32422,3771,2285751,70.5,44142,5245,1789958.1,40.55,199657,23853,3533928.9,17.7,569741,67885,6181689.85,10.85
1299,2021-04-08,13,21,12,14,24,4,3,6,0,0,0,0,2,0,476820.9,238410.45,56,7,291390.4,5203.4,1067,87,529818.85,496.55,2421,297,397407.15,164.15,35037,3819,2569963.95,73.35,45937,5292,2014337.45,43.85,220600,23702,3970800,18,641645,68726,6961848.25,10.85
1300,2021-04-15,17,1,24,12,5,9,19,3,0,0,0,0,6,0,723949.5,120658.25,100,10,442415,4424.15,2041,171,804358.1,394.1,4024,408,603197.6,149.9,57279,6427,3900699.9,68.1,76859,8213,3055145.25,39.75,349236,39621,6024321,17.25,986024,112496,10599758,10.75
1301,2021-04-22,35,26,10,17,31,19,21,1,2,0,80000000,40000000,43,1,1349522.75,31384.25,159,20,824709.15,5186.85,3271,389,1499426.4,458.4,6468,748,1124461.8,173.85,96562,11766,7271118.6,75.3,128444,15838,5696491.4,44.35,608790,72969,11232175.5,18.45,1760762,209535,19720534.4,11.2
1302,2021-04-29,15,23,3,10,30,14,35,15,0,0,0,0,0,0,0,0,35,4,450527,12872.2,656,70,310714.4,473.65,1402,191,233012.4,166.2,20819,2566,1507295.6,72.4,26080,3413,1180120,45.25,128975,15391,2327998.75,18.05,365473,42098,4093297.6,11.2
1303,2021-05-06,21,34,10,16,23,14,25,9,0,0,0,0,3,0,422865.3,140955.1,58,6,258419,4455.5,935,88,469837.5,502.5,2062,244,352395.8,170.9,29767,3432,2278663.85,76.55,39984,4535,1785285.6,44.65,191027,21961,3524448.15,18.45,565613,65175,6165181.7,10.9
1304,2021-05-13,7,19,11,12,5,25,8,20,1,0,30000000,30000000,5,0,545663.5,109132.7,87,7,333462.3,3832.9,1801,203,606306.65,336.65,3103,371,454744.65,146.55,44803,5005,2941316.95,65.65,63461,7202,2303634.3,36.3,269066,30965,4547215.4,16.9,747099,86491,7956604.35,10.65
1305,2021-05-20,14,7,18,5,8,2,11,19,0,0,0,0,3,0,211591.8,70530.6,47,4,129306.4,2751.2,828,100,235110.6,283.95,1435,138,176361.5,122.9,20048,2165,1140731.2,56.9,26155,2630,893193.25,34.15,114444,13462,1762437.6,15.4,304015,36461,3085752.25,10.15
1306,2021-05-27,5,12,10,6,2,24,25,20,1,0,9738691.4,9738691.4,8,1,289306.8,36163.35,37,3,176798.95,4778.35,858,85,321449.7,374.65,1593,186,241100.55,151.35,22615,2742,1559304.25,68.95,30930,3387,1221735,39.5,136973,16205,2410724.8,17.6,388449,46210,4234094.1,10.9
1307,2021-06-03,17,1,19,11,12,28,14,11,0,0,0,0,1,0,202037.5,202037.5,31,2,123466.8,3982.8,595,66,224493.5,377.3,1188,160,168339.6,141.7,17809,2289,1089020.35,61.15,20905,2663,852924,40.8,106919,13415,1683974.25,15.75,293061,35475,2945263.05,10.05
1308,2021-06-10,32,25,13,2,15,35,24,16,0,0,0,0,3,0,266874,88958,36,0,163089,4530.25,621,64,296527.5,477.5,1227,125,222393.75,181.25,18275,2145,1438242.5,78.7,23575,2620,1126885,47.8,115522,13562,2223798.5,19.25,343660,40065,3900541,11.35
1309,2021-06-17,20,12,26,4,10,34,13,1,0,0,0,0,6,2,419947.8,69991.3,67,6,256633.45,3830.35,1127,107,466634.35,414.05,2021,218,349936.15,173.15,29752,3428,2262639.6,76.05,41574,4600,1773131.1,42.65,186696,21817,3500550,18.75,537297,62682,6125185.8,11.4
1310,2021-06-24,30,33,21,13,28,31,8,15,0,0,0,0,3,1,634193.85,211397.95,67,7,387561.5,5784.5,1393,162,704649.05,505.85,3174,396,528471,166.5,45595,5663,3417345.25,74.95,60448,7583,2677846.4,44.3,287523,35519,5290423.2,18.4,832427,102833,9281561.05,11.15
1311,2021-07-01,13,19,18,17,11,16,20,15,1,0,60000000,60000000,24,1,884133.6,36838.9,110,15,540303.5,4911.85,2225,271,982337.5,441.5,4310,462,736794.5,170.95,64439,7533,4765264.05,73.95,86727,9715,3733597.35,43.05,411625,47222,7368087.5,17.9,1194660,137324,12902328,10.8
1312,2021-07-08,7,8,17,9,19,32,15,6,0,0,0,0,2,1,206850.7,103425.35,20,3,126409,6320.45,528,71,229838.4,435.3,1104,142,172389.6,156.15,15991,1994,1114572.7,69.7,21900,2607,873810,39.9,98923,11905,1726206.35,17.45,278065,33355,3017005.25,10.85
1313,2021-07-15,25,32,17,16,3,11,26,2,0,0,0,0,3,1,296049.45,98683.15,43,3,180918.2,4207.4,692,84,328942.2,475.35,1395,165,246705.75,176.85,20967,2413,1595588.7,76.1,27807,3234,1249924.65,44.95,134535,15812,2468717.25,18.35,389363,45276,4321929.3,11.1
1314,2021-07-22,28,25,15,13,20,29,16,11,0,0,0,0,6,1,467143.8,77857.3,55,10,285477.5,5190.5,1022,170,519073.8,507.9,2421,291,389296.8,160.8,34421,4224,2517896.15,73.15,43581,5583,1972040.25,45.25,217931,27130,3890068.35,17.85,638440,78863,6831308,10.7
1315,2021-07-29,23,26,7,4,33,35,22,17,0,0,0,0,5,0,652276.75,130455.35,61,7,398613.65,6534.65,1485,164,724754.25,488.05,3268,396,543631.8,166.35,48998,6060,3515606.5,71.75,63812,7618,2753487.8,43.15,305483,36912,5437597.4,17.8,873078,106413,9516550.2,10.9
1316,2021-08-05,16,25,12,7,11,10,21,18,0,0,0,0,7,0,911597.4,130228.2,119,13,557086.6,4681.4,2168,251,1012889.6,467.2,5094,595,759770.1,149.15,71252,8417,4912825.4,68.95,97594,11258,3850083.3,39.45,436559,52944,7596126.6,17.4,1239777,151961,13327602.75,10.75
1317,2021-08-12,17,10,4,26,19,23,21,7,1,0,80000000,80000000,13,1,1428161.8,109858.6,219,31,872769.75,3985.25,3837,424,1586791.35,413.55,8269,930,1190322.55,143.95,115376,13239,7695579.2,66.7,150422,16893,6031922.2,40.1,704784,81606,11910849.6,16.9,2003946,232000,20841038.4,10.4
1318,2021-08-19,26,7,9,10,2,30,8,3,0,0,0,0,4,1,230341,57585.25,28,3,140764.4,5027.3,592,60,255921.6,432.3,1298,144,191974.2,147.9,18070,2042,1241409,68.7,24922,2508,971958,39,113885,12879,1918962.25,16.85,320169,35824,3361774.5,10.5
1319,2021-08-26,28,25,10,27,14,11,32,6,0,0,0,0,2,0,332795.2,166397.6,42,3,203374.5,4842.25,809,56,369753.45,457.05,1610,163,277322.5,172.25,23743,2596,1793783.65,75.55,30745,3288,1405046.5,45.7,151970,16511,2773452.5,18.25,443332,49135,4854485.4,10.95
1320,2021-09-02,17,25,12,5,4,28,14,10,1,0,20507103.16,20507103.16,27,0,491395.95,18199.85,53,4,300298,5666,1193,85,545976.45,457.65,2572,293,409462.4,159.2,37544,4022,2648729.2,70.55,50071,5315,2075442.95,41.45,232852,25136,4098195.2,17.6,665318,72423,7185434.4,10.8
1321,2021-09-09,3,20,8,6,2,17,23,2,0,0,0,0,2,0,222222.1,111111.05,32,5,135801.6,4243.8,679,68,246918.35,363.65,1254,118,185215.8,147.7,17331,1858,1197572.1,69.1,23724,2288,938284.2,39.55,105628,11839,1853771.4,17.55,290559,32375,3239732.85,11.15
1322,2021-09-16,1,30,9,32,8,31,22,9,1,0,9929133.09,9929133.09,1,0,288490.35,288490.35,31,4,176300.1,5687.1,543,49,320532.9,590.3,1407,138,240385.95,170.85,20548,2296,1554456.2,75.65,24996,2989,1218555,48.75,132907,14727,2405616.7,18.1,396237,43666,4219924.05,10.65
1323,2021-09-23,3,10,23,24,14,8,21,5,0,0,0,0,2,0,218833.5,109416.75,23,2,133731.2,5814.4,526,47,243143.5,462.25,1200,142,182340,151.95,17434,1845,1179410.1,67.65,21871,2695,924049.75,42.25,106825,11313,1821366.25,17.05,301893,32595,3200065.8,10.6
1324,2021-09-30,18,14,25,2,27,7,24,20,0,0,0,0,0,0,0,0,44,4,482306,10961.5,809,82,332620.35,411.15,1693,169,249463.55,147.35,23558,2413,1613723,68.5,31862,3345,1263328.3,39.65,143881,14624,2496335.35,17.35,405616,42268,4380652.8,10.8
1325,2021-10-07,27,25,34,4,29,13,18,13,0,0,0,0,4,0,482217.8,120554.45,66,7,294690,4465,1138,95,535770.4,470.8,2530,269,401890.5,158.85,38036,4415,2597858.8,68.3,46811,5265,2036278.5,43.5,235725,27161,4019111.25,17.05,673546,77190,7038555.7,10.45
1326,2021-10-14,23,20,17,27,22,32,12,17,0,0,0,0,4,0,672438,168109.5,94,13,410935.1,4371.65,1657,170,747141.3,450.9,3531,391,560369.7,158.7,52134,5887,3623313,69.5,67404,7113,2837708.4,42.1,319218,35302,5602275.9,17.55,904048,98753,9808920.8,10.85
1327,2021-10-21,7,17,11,28,30,2,27,11,1,0,60000000,60000000,23,0,949437.7,41279.9,154,25,580210.4,3767.6,2818,301,1054918.3,374.35,6356,733,791322,124.5,85447,9890,5118275.3,59.9,116992,12738,4006976,34.25,482032,56566,7905324.8,16.4,1329280,153410,13890976,10.45
1328,2021-10-28,14,10,29,26,9,15,23,3,0,0,0,0,2,0,214663.4,107331.7,19,0,131183.6,6904.4,433,39,238518.05,550.85,1036,129,178865.4,172.65,16098,1776,1156641.3,71.85,20948,2464,906001,43.25,100206,11266,1788677.1,17.85,290757,32573,3140175.6,10.8
1329,2021-11-04,30,15,27,12,34,18,8,8,0,0,0,0,3,0,286401.75,95467.25,38,2,175024.2,4605.9,670,66,318216.5,474.95,1546,166,238702.4,154.4,22382,2454,1543238.9,68.95,28503,3308,1209952.35,42.45,138600,15625,2383920,17.2,397664,44273,4175472,10.5
1330,2021-11-11,17,2,20,3,4,1,15,16,0,0,0,0,3,0,473006.4,157668.8,59,7,289058.7,4899.3,1065,122,525577.5,493.5,2280,283,394212,172.9,33511,3881,2548511.55,76.05,45323,5434,1996478.15,44.05,210873,25146,3943325.1,18.7,622100,73491,6905310,11.1
1331,2021-11-18,34,13,1,8,3,5,19,11,0,0,0,0,2,0,653003.3,326501.65,107,12,399056.5,3729.5,2028,246,725517,357.75,3771,425,544155.3,144.3,51569,6303,3519584.25,68.25,70068,8138,2757175.8,39.35,317707,38929,5448675.05,17.15,903702,109911,9534056.1,10.55
1332,2021-11-25,21,17,16,3,22,34,9,9,0,0,0,0,4,0,926246.6,231561.65,114,13,566038.5,4965.25,2318,289,1029192,444,4923,599,771926.4,156.8,69927,8647,4992787.8,71.4,91696,11712,3910834.4,42.65,438338,54149,7714748.8,17.6,1266791,154806,13554663.7,10.7
1333,2021-12-02,27,30,4,5,33,26,19,8,1,1,80000000,80000000,14,1,1248907.8,89207.7,142,25,763221.6,5374.8,2732,290,1387719.4,507.95,6219,817,1040749.65,167.35,91572,11654,6730542,73.5,117336,14627,5274253.2,44.95,581780,72645,10413862,17.9,1701221,211174,18288125.75,10.75
1334,2021-12-09,4,34,9,25,28,29,14,3,0,0,0,0,1,0,215387.1,215387.1,30,2,131625,4387.5,441,51,239308.65,542.65,1031,107,179497.1,174.1,15419,1769,1161050.7,75.3,20054,2287,909448.9,45.35,97084,11398,1796054,18.5,285728,33432,3143008,11
1335,2021-12-16,34,18,3,30,33,25,32,6,0,0,0,0,2,1,304289.8,152144.9,34,3,185954.5,5469.25,649,94,338096.55,520.95,1340,159,253595,189.25,20262,2460,1640208.9,80.95,25853,3287,1284894.1,49.7,129873,15378,2532523.5,19.5,391318,46169,4441459.3,11.35
1336,2021-12-23,3,33,29,13,10,20,16,19,0,0,0,0,6,2,462724.8,77120.8,65,4,282776,4350.4,1183,103,514131.8,434.6,2455,274,385557.75,157.05,34524,4402,2494359,72.25,45359,5541,1952704.95,43.05,218020,27832,3858954,17.7,635023,80276,6762994.95,10.65
1337,2021-12-30,35,26,18,32,23,19,16,10,0,0,0,0,2,0,518658.1,259329.05,75,16,316957.5,4226.1,1258,201,576289.8,458.1,2608,317,432276,165.75,37594,4204,2795113.9,74.35,48994,5385,2190031.8,44.7,235303,25709,4317810.05,18.35,688159,74675,7569749,11
1338,2022-01-06,15,5,28,20,29,34,27,8,1,0,60000000,60000000,4,0,865316.8,216329.2,117,19,528804.9,4519.7,2168,308,961508,443.5,4292,536,721056,168,62278,7718,4664622.2,74.9,80436,10085,3651794.4,45.4,396974,48681,7205078.1,18.15,1161870,143156,12664383,10.9
1339,2022-01-13,29,28,13,2,33,24,9,13,0,0,0,0,0,0,0,0,31,3,331952.65,10708.15,521,51,228927.4,439.4,1099,132,171718.75,156.25,16660,2022,1110389,66.65,19498,2172,869610.8,44.6,103577,12485,1719378.2,16.6,295646,35560,3015589.2,10.2
1340,2022-01-20,25,14,35,26,34,11,31,1,0,0,0,0,3,3,265356.3,88452.1,33,3,162162,4914,587,52,294850.1,502.3,1155,135,221124.75,191.45,17386,2078,1429998.5,82.25,22855,2605,1119895,49,113095,13160,2211007.25,19.55,333036,39001,3879869.4,11.65
1341,2022-01-27,4,25,15,27,32,10,28,18,0,0,0,0,1,0,392680.55,392680.55,44,4,239971.6,5453.9,780,112,436293,559.35,1934,231,327232.8,169.2,28326,3301,2115952.2,74.7,38214,4569,1658487.6,43.4,177708,21275,3269827.2,18.4,516309,62343,5731029.9,11.1
1342,2022-02-03,22,18,11,26,21,16,31,8,0,0,0,0,2,0,641094.3,320547.15,81,8,391780.8,4836.8,1590,217,712320,448,3449,466,534250.1,154.9,48189,5956,3455151.3,71.7,66973,8788,2705709.2,40.4,302483,38591,5338824.95,17.65,869615,110794,9348361.25,10.75
1343,2022-02-10,19,32,5,31,3,26,16,6,0,0,0,0,7,0,900061.75,128580.25,116,16,550037.2,4741.7,2453,311,1000088.1,407.7,4407,561,750071.4,170.2,65041,8067,4848806.55,74.55,84169,11183,3800230.35,45.15,411201,51352,7504418.25,18.25,1198178,149200,13179958,11
1344,2022-02-17,24,7,34,22,13,30,6,10,0,0,0,0,18,1,1319934.6,73329.7,174,18,806629.2,4635.8,3255,382,1466540.25,450.55,6800,851,1099900,161.75,97464,12230,7114872,73,125846,16269,5574977.8,44.3,609656,75230,11004290.8,18.05,1768960,219122,19281664,10.9
1345,2022-02-24,6,15,9,27,32,28,33,8,2,1,126618114,63309056.98,36,20,2785892.4,77385.9,349,81,1702491.8,4878.2,6640,1475,3095568,466.2,14200,1901,2321700,163.5,204888,25310,15008046,73.25,272364,36982,11766124.8,43.2,1293782,159241,23223386.9,17.95,3765831,460076,40670974.8,10.8
1346,2022-03-03,4,27,24,28,2,12,18,4,0,0,0,0,0,0,0,0,33,1,362358.15,10980.55,513,41,249907.95,487.15,1275,159,187425,147,18293,2243,1211911.25,66.25,23594,2810,949658.5,40.25,108200,13278,1871860,17.3,303457,37508,3292508.45,10.85
1347,2022-03-10,15,29,5,19,13,16,35,16,0,0,0,0,1,0,299978.15,299978.15,40,4,183320,4583,812,114,333326,410.5,1511,185,249994.95,165.45,21960,2698,1616256,73.6,30280,3978,1267218,41.85,135463,15748,2499292.35,18.45,387402,44693,4377642.6,11.3
1348,2022-03-17,23,19,2,17,7,25,13,13,2,0,20000000,10000000,25,0,465303.75,18612.15,94,9,284354.7,3025.05,1557,108,517001.85,332.05,3362,369,387806.7,115.35,44104,5053,2507312.4,56.85,59459,6411,1965119.95,33.05,243290,29552,3880475.5,15.95,654825,79577,6810180,10.4
1349,2022-03-24,9,21,5,23,32,4,28,20,0,0,0,0,1,0,220586.35,220586.35,25,1,134802.5,5392.1,416,31,245086.4,589.15,1029,131,183830.85,178.65,16263,1966,1188825.3,73.1,20651,2464,931360.1,45.1,102324,12417,1836715.8,17.95,298596,36099,3224836.8,10.8
1350,2022-03-31,6,28,10,34,26,27,13,11,0,0,0,0,2,0,308956.1,154478.05,38,3,188806.8,4968.6,712,71,343290.8,482.15,1567,201,257458.1,164.3,23663,2889,1664692.05,70.35,28463,3335,1305028.55,45.85,148787,18454,2574015.1,17.3,430925,53346,4524712.5,10.5
1351,2022-04-07,5,30,15,3,7,10,34,12,1,0,20000000,20000000,4,0,488547.8,122136.95,64,14,298556.8,4664.95,1219,284,542820.7,445.3,2519,310,407070.4,161.6,37386,4548,2631974.4,70.4,47460,5975,2062137,43.45,232944,28762,4076520,17.5,673599,83848,7140149.4,10.6
1352,2022-04-14,31,2,3,5,11,20,14,4,0,0,0,0,1,1,234798.8,234798.8,25,2,143488.75,5739.55,651,87,260888.25,400.75,1181,142,195691.7,165.7,17775,2083,1265580,71.2,23575,2848,991328.75,42.05,110548,13257,1956699.6,17.7,315535,37427,3423554.75,10.85
1353,2022-04-21,22,28,29,15,25,17,19,6,0,0,0,0,3,0,276121.2,92040.4,40,5,168740,4218.5,740,98,306804,414.6,1444,169,230101.4,159.35,20764,2382,1487740.6,71.65,27970,3097,1166349,41.7,129099,14958,2297962.2,17.8,367932,42891,4028855.4,10.95
1354,2022-04-28,12,7,16,19,1,24,25,7,0,0,0,0,3,1,448443.6,149481.2,75,10,274050,3654,1067,122,498289,467,2831,377,373692,132,37736,4556,2416990.8,64.05,47076,5296,1892455.2,40.2,228654,27343,3738492.9,16.35,642813,77601,6556692.6,10.2
1355,2022-05-05,30,26,16,35,12,2,17,19,0,0,0,0,7,0,661185.7,94455.1,70,6,404057.5,5772.25,1564,192,734689,469.75,3314,457,550952.5,166.25,47679,6370,3564005.25,74.75,62386,8238,2791773.5,44.75,306225,39717,5512050,18,906496,115969,9654182.4,10.65
1356,2022-05-12,18,16,22,14,4,7,9,10,0,0,0,0,10,0,954765.5,95476.55,124,14,583469.6,4705.4,2629,288,1060801.5,403.5,5226,607,795658.5,152.25,74963,8903,5146209.95,68.65,102676,11673,4030033,39.25,459820,56573,7954886,17.3,1295874,160727,13930645.5,10.75
1357,2022-05-19,15,34,5,11,28,8,27,3,2,0,80000000,40000000,8,0,1328836.8,166104.6,190,27,812069.5,4274.05,3473,510,1476545.95,425.15,7482,959,1107336,148,103131,12625,7162447.95,69.45,143303,18569,5610312.45,39.15,632819,78051,11074332.5,17.5,1806211,226085,19416768.25,10.75
1358,2022-05-26,16,19,21,33,25,13,10,18,1,0,4662065.18,4662065.18,2,0,239448.1,119724.05,37,3,146329.45,3954.85,551,42,266050.35,482.85,1262,142,199522.2,158.1,17538,2112,1290796.8,73.6,24357,2796,1010815.5,41.5,108166,13234,1995662.7,18.45,311784,38253,3491980.8,11.2
1359,2022-06-02,8,15,31,21,11,6,33,7,0,0,0,0,2,0,240426.3,120213.15,37,5,146927,3971,635,104,267144.5,420.7,1265,158,200376,158.4,18700,2231,1295910,69.3,23653,3043,1014713.7,42.9,115068,13642,2002183.2,17.4,335014,39603,3517647,10.5
1360,2022-06-09,23,6,2,13,3,34,20,12,0,0,0,0,3,0,310577.55,103525.85,33,4,189797.85,5751.45,701,47,345102.3,492.3,1635,191,258820.5,158.3,22675,2614,1673415,73.8,30246,3509,1311164.1,43.35,144353,16192,2591136.35,17.95,416547,48070,4540362.3,10.9
1361,2022-06-16,18,3,28,29,15,12,6,15,0,0,0,0,8,0,478296.8,59787.1,83,12,292292.8,3521.6,1435,178,531452.25,370.35,2703,378,398557.35,147.45,37401,4870,2576928.9,68.9,51242,6844,2018934.8,39.4,225017,30628,3982800.9,17.7,639729,86310,6973046.1,10.9
1362,2022-06-23,7,31,10,9,2,22,35,19,0,0,0,0,1,0,654795.05,654795.05,74,14,400151.3,5407.45,1419,201,727521.3,512.7,3409,477,545610.45,160.05,50325,6465,3527782.5,70.1,64466,8433,2765591.4,42.9,322817,40572,5455607.3,16.9,900736,114427,9547801.6,10.6
1363,2022-06-30,22,6,1,16,17,29,11,2,1,0,60000000,60000000,24,0,886179.6,36924.15,130,18,541554,4165.8,2503,415,984680.2,393.4,4716,630,738525.6,156.6,66382,8717,4776184.9,71.95,92013,12400,3740328.45,40.65,415441,52665,7394849.8,17.8,1181572,150234,12938213.4,10.95
1364,2022-07-07,13,16,3,28,30,14,6,11,0,0,0,0,3,0,228852.45,76284.15,19,2,139854.25,7360.75,519,41,254284.05,489.95,1200,155,190740,158.95,17806,2242,1233065.5,69.25,21968,2668,966592,44,110293,13225,1908068.9,17.3,319697,39321,3340833.65,10.45
1365,2022-07-14,35,1,17,33,20,6,26,5,1,0,10467587.98,10467587.98,1,1,310006.05,310006.05,33,0,189448.05,5740.85,615,56,344461.5,560.1,1465,157,258352.75,176.35,21693,2546,1670361,77,28707,3437,1309039.2,45.6,140165,16288,2586044.25,18.45,414520,48176,4538994,10.95
1366,2022-07-21,9,8,25,7,26,2,24,9,1,0,4645690.25,4645690.25,3,2,238793.85,79597.95,46,1,145930.4,3172.4,680,46,265336,390.2,1385,140,199024.5,143.7,20348,2288,1287011,63.25,24738,2611,1008073.5,40.75,121374,14091,1990533.6,16.4,338440,39384,3485932,10.3
1367,2022-07-28,9,5,19,34,23,24,10,13,0,0,0,0,0,0,0,0,25,3,354662.5,14186.5,565,47,244588.5,432.9,1128,117,183469.2,162.65,17489,1938,1186628.65,67.85,21621,2521,929703,43,108798,12136,1833246.3,16.85,313599,35342,3214389.75,10.25
1368,2022-08-04,23,21,17,11,32,6,13,15,0,0,0,0,3,0,277072.8,92357.6,30,5,169323,5644.1,667,81,307853.85,461.55,1530,204,230877,150.9,21301,2461,1493200.1,70.1,30127,3436,1170433.95,38.85,129751,15030,2309567.8,17.8,365964,42680,4043902.2,11.05
1369,2022-08-11,30,23,9,22,5,28,18,3,1,0,20000000,20000000,22,0,449343.4,20424.7,48,6,274598.4,5720.8,1057,150,499273.95,472.35,2339,281,374473.9,160.1,34012,4188,2421654.4,71.2,43952,5716,1896528.8,43.15,214630,25970,3745293.5,17.45,615994,75734,6560336.1,10.65
1370,2022-08-18,1,22,2,4,20,23,27,20,0,0,0,0,2,0,227984.8,113992.4,22,3,139323.8,6332.9,495,86,253316.25,511.75,1203,121,190013.85,157.95,17358,2044,1228946.4,70.8,21292,2249,962398.4,45.2,109994,13203,1897396.5,17.25,314419,37664,3332841.4,10.6
1371,2022-08-25,4,16,8,25,31,12,32,17,0,0,0,0,2,0,289641,144820.5,26,1,177002.8,6807.8,753,41,321832.2,427.4,1484,170,241372.6,162.65,21029,2357,1560351.8,74.2,28075,3252,1222666.25,43.55,131474,15200,2412547.9,18.35,381946,45018,4239600.6,11.1
1372,2022-09-01,3,10,15,26,34,12,4,20,0,0,0,0,3,2,452310.75,150770.25,59,6,276412.05,4684.95,950,123,502550,529,2273,290,376977.05,165.85,32617,4128,2438120.75,74.75,43555,5698,1909886.75,43.85,207921,26977,3773766.15,18.15,603618,77097,6609617.1,10.95
1373,2022-09-08,15,21,23,13,30,25,31,10,1,0,40000000,40000000,2,0,699695.1,349847.55,73,17,427590.2,5857.4,1514,245,777439,513.5,3303,438,583144.65,176.55,49778,6669,3770683.5,75.75,64773,8444,2953648.8,45.6,320523,42523,5833518.6,18.2,936313,122718,10205811.7,10.9
1374,2022-09-15,22,31,35,13,9,2,10,15,1,0,8000000,8000000,2,0,284544.4,142272.2,38,4,173888,4576,886,87,316169.1,356.85,1430,187,237094,165.8,20542,2507,1533460.3,74.65,27634,3412,1202079,43.5,129607,15686,2371808.1,18.3,378428,45820,4162708,11
1375,2022-09-22,24,21,10,15,35,28,26,8,0,0,0,0,1,0,257971.35,257971.35,35,6,157648.75,4504.25,705,93,286617.75,406.55,1290,147,214978.5,166.65,19276,2175,1389799.6,72.1,23883,2791,1089064.8,45.6,120818,13925,2150560.4,17.8,355602,40522,3769381.2,10.6
1376,2022-09-29,15,19,9,12,16,35,20,4,0,0,0,0,3,0,408805.35,136268.45,43,7,249825.7,5809.9,810,135,454248,560.8,1988,223,340643.8,171.35,29439,3371,2203509.15,74.85,37517,4567,1725782,46,187256,22302,3408059.2,18.2,547774,65326,5970736.6,10.9
1377,2022-10-06,28,35,17,14,6,3,4,10,0,0,0,0,7,1,540184.75,77169.25,64,7,330112,5158,1305,180,600234.75,459.95,2592,337,450100.8,173.65,39067,4996,2910491.5,74.5,50137,6317,2281233.5,45.5,250312,31670,4505616,18,729526,91736,7878880.8,10.8
1378,2022-10-13,31,35,16,13,25,18,1,2,0,0,0,0,8,2,884006.8,110500.85,102,11,540227.7,5296.35,2051,259,982223.9,478.9,4207,499,736645.7,175.1,62638,7757,4763619.9,76.05,82498,9664,3733034.5,45.25,393268,48711,7373775,18.75,1149143,141402,12927858.75,11.25
1379,2022-10-20,14,33,11,25,17,24,6,18,0,0,0,0,15,2,2085868.5,139057.9,278,37,1274699.5,4585.25,4835,695,2317657.25,479.35,10746,1333,1738165.5,161.75,155487,19455,11241710.1,72.3,206083,26643,8810048.25,42.75,971564,120852,17390995.6,17.9,2790042,346963,30411457.8,10.9
1380,2022-10-27,10,4,12,18,2,34,7,7,3,1,160000000,53333333.34,42,24,3244844.4,77258.2,442,69,1982966.7,4486.35,7595,1118,3605346.5,474.7,17958,2292,2704474.8,150.6,257447,32686,17480651.3,67.9,330859,42313,13697562.6,41.4,1581260,201194,27039546,17.1,4487999,575848,47348389.45,10.55
1381,2022-11-03,24,32,22,12,2,8,6,2,0,0,0,0,3,1,307686.9,102562.3,60,7,188031,3133.85,1013,133,341887.5,337.5,1887,201,256443.3,135.9,23470,2850,1658155.5,70.65,33055,4035,1299061.5,39.3,139344,16867,2563929.6,18.4,397042,48004,4486574.6,11.3
1382,2022-11-10,15,22,14,3,32,17,5,7,0,0,0,0,5,2,504266.75,100853.35,58,14,308162.7,5313.15,1026,162,560298.6,546.1,2454,378,420247.5,171.25,37222,4934,2717206,73,46912,6620,2129804.8,45.4,239404,31389,4201540.2,17.55,706215,92718,7379946.75,10.45
1383,2022-11-17,6,5,7,19,1,33,14,17,0,0,0,0,7,2,581404.6,83057.8,68,8,355303.4,5225.05,1344,124,645993.6,480.65,2899,323,484567.85,167.15,43254,5525,3133752.3,72.45,56414,7130,2454009,43.5,271405,34976,4844579.25,17.85,781431,100259,8478526.35,10.85
1384,2022-11-24,14,6,9,25,27,31,33,15,1,0,50000000,50000000,26,3,811786.3,31222.55,96,16,496089.6,5167.6,2067,367,901935.45,436.35,4060,580,676396,166.6,58575,7914,4375552.5,74.7,77760,10939,3429216,44.1,368453,49021,6761112.55,18.35,1072162,142813,11847390.1,11.05
1385,2022-12-01,7,34,8,5,2,29,4,15,0,0,0,0,3,0,287178.45,95726.15,31,3,175497.2,5661.2,636,94,319081.2,501.7,1435,177,239286.25,166.75,21167,2545,1547307.7,73.1,29153,3762,1212764.8,41.6,132499,16025,2391606.95,18.05,382922,46906,4192995.9,10.95
1386,2022-12-08,14,4,21,18,35,10,19,11,0,0,0,0,2,0,436977.2,218488.6,56,9,267041.6,4768.6,968,176,485548.8,501.6,2308,276,364202.4,157.8,33185,4131,2354475.75,70.95,41598,5145,1844871.3,44.35,207267,25973,3637535.85,17.55,604033,75253,6372548.15,10.55
1387,2022-12-15,26,21,34,19,22,1,7,2,0,0,0,0,3,0,569722.05,189907.35,80,5,348164,4352.05,1275,80,633037.5,496.5,2752,334,474720,172.5,40850,4595,3069877.5,75.15,53746,6324,2405133.5,44.75,259017,29997,4752961.95,18.35,748110,87334,8341426.5,11.15
1388,2022-12-22,31,23,5,28,7,18,21,4,0,0,0,0,3,0,863221.2,287740.4,85,6,527522.75,6206.15,1980,185,959112,484.4,4680,603,719316,153.7,66003,8019,4653211.5,70.5,90528,11308,3643752,40.25,407066,49634,7184714.9,17.65,1159933,141466,12585273.05,10.85
1389,2022-12-29,9,26,4,23,22,6,24,18,3,0,100000000,33333333.34,33,1,1565658.6,47444.2,187,13,956794.85,5116.55,3555,344,1739639.25,489.35,7949,890,1304828.35,164.15,117341,13806,8436817.9,71.9,153881,17966,6609188.95,42.95,733654,88269,13059041.2,17.8,2099107,254323,22880266.3,10.9
1390,2023-01-05,5,13,27,21,7,9,35,6,1,0,4574542.86,4574542.86,23,0,235229.05,10227.35,27,4,143750.7,5324.1,735,68,261366,355.6,1467,169,195991.2,133.6,19540,2324,1267169,64.85,29172,3504,993306.6,34.05,114472,13195,1957471.2,17.1,317001,37089,3439460.85,10.85
1391,2023-01-12,18,22,34,3,30,10,29,5,0,0,0,0,0,0,0,0,31,1,406422.4,13110.4,602,45,280291.2,465.6,1222,134,210245.1,172.05,17911,2159,1359444.9,75.9,23758,2813,1065546.3,44.85,115654,13481,2104902.8,18.2,337048,39267,3690675.6,10.95
1392,2023-01-19,35,32,34,19,3,30,21,1,0,0,0,0,4,0,326732.6,81683.15,36,3,199670.4,5546.4,711,47,363036.6,510.6,1466,185,272309.5,185.75,22010,2637,1760800,80,29952,3950,1379289.6,46.05,139185,16982,2721066.75,19.55,411625,49105,4774850,11.6
1393,2023-01-26,31,30,28,15,1,33,21,16,0,0,0,0,1,0,478355.25,478355.25,41,3,292327.95,7129.95,851,111,531492.05,624.55,2155,249,398675,185,32949,3685,2578259.25,78.25,41435,4899,2019956.25,48.75,206870,23457,3982247.5,19.25,611962,68337,6976366.8,11.4
1394,2023-02-02,7,35,31,2,24,21,15,18,1,0,40000000,40000000,26,1,680777.5,26183.75,75,17,416032.5,5547.1,1540,269,756448,491.2,3383,474,567329.1,167.7,49370,6031,3668191,74.3,65828,8840,2873392.2,43.65,310273,36679,5677995.9,18.3,900340,105711,9948757,11.05
1395,2023-02-09,32,35,11,28,8,16,3,13,0,0,0,0,3,0,228666.6,76222.2,35,5,139741,3992.6,566,39,254077.4,448.9,1271,152,190586.45,149.95,18065,2046,1232033,68.2,23843,2868,965641.5,40.5,110207,12821,1906581.1,17.3,319018,37002,3333738.1,10.45
1396,2023-02-16,5,8,12,13,35,20,21,8,0,0,0,0,4,0,310949.4,77737.35,52,6,190023.6,3654.3,856,154,345481.6,403.6,1783,191,259159.05,145.35,25104,2860,1675692,66.75,31183,3666,1312804.3,42.1,156000,18305,2589600,16.6,438456,51394,4538019.6,10.35
1397,2023-02-23,6,5,3,11,30,26,24,9,0,0,0,0,4,1,498945.4,124736.35,66,4,304910.1,4619.85,1172,87,554356,473,2634,295,415776.9,157.85,38325,4709,2688498.75,70.15,51004,6016,2106465.2,41.3,238076,29076,4154426.2,17.45,683507,84426,7279349.55,10.65
1398,2023-03-02,18,14,13,16,21,19,29,18,1,1,40000000,40000000,6,0,690400.5,115066.75,82,11,421910.5,5145.25,1544,276,767136.4,496.85,3342,386,575325.3,172.15,50772,6275,3721587.6,73.3,64916,7871,2914728.4,44.9,317024,39480,5753985.6,18.15,921656,116157,10092133.2,10.95
1399,2023-03-09,7,10,27,33,30,20,17,1,1,0,4624844.58,4624844.58,6,2,238076.4,39679.4,43,5,145490.5,3383.5,963,123,264536.1,274.7,1291,198,198426.7,153.7,17172,2245,1282748.4,74.7,26949,3538,1005197.7,37.3,105982,12972,1981863.4,18.7,301756,36767,3485281.8,11.55
1400,2023-03-16,32,17,29,34,28,3,22,18,0,0,0,0,1,0,251079.9,251079.9,31,6,153437.6,4949.6,611,89,278982.6,456.6,1206,145,209241,173.5,17466,2201,1352741.7,77.45,23540,2835,1060477,45.05,110655,14153,2091379.5,18.9,326067,41500,3668253.75,11.25
1401,2023-03-23,26,4,7,5,18,25,19,15,1,0,10626529.3,10626529.3,20,0,295064,14753.2,35,8,180316.5,5151.9,706,139,327831.1,464.35,1558,203,245852.4,157.8,23029,2955,1590152.45,69.05,30679,3868,1245567.4,40.6,142149,17316,2459177.7,17.3,400487,47998,4305235.25,10.75
1402,2023-03-30,12,5,6,7,13,35,11,15,0,0,0,0,3,1,291410.7,97136.9,30,6,178084.5,5936.15,674,75,323789.6,480.4,1502,216,242873.4,161.7,22283,2745,1569837.35,70.45,29380,3722,1231022,41.9,141077,17170,2426524.4,17.2,399738,48348,4257209.7,10.65
1403,2023-04-06,30,33,24,6,21,12,17,10,0,0,0,0,3,1,467506.05,155835.35,69,6,285697.95,4140.55,1463,143,519438.15,355.05,2411,331,389617.6,161.6,33660,4353,2519451,74.85,46371,5645,1973086.05,42.55,213591,27117,3898035.75,18.25,625929,79202,6822626.1,10.9
1404,2023-04-13,27,33,19,29,5,12,15,4,1,0,30000000,30000000,2,0,563658.3,281829.15,73,8,344457.8,4718.6,1518,161,626250.9,412.55,3015,365,469737,155.8,41839,5334,3037511.4,72.6,57663,7413,2378598.75,41.25,260035,33112,4693631.75,18.05,747746,95288,8225206,11
1405,2023-04-20,32,30,12,18,1,13,24,6,0,0,0,0,4,0,247387,61846.75,28,5,151180.4,5399.3,515,89,274881.25,533.75,1237,141,206146.05,166.65,17048,2171,1333153.6,78.2,22006,2589,1044184.7,47.45,109247,13777,2059305.95,18.85,323397,40314,3622046.4,11.2
1406,2023-04-27,30,16,27,6,33,19,28,17,0,0,0,0,5,0,308159.5,61631.9,38,3,188320.4,4955.8,709,114,342411.55,482.95,1478,188,256802.5,173.75,22256,2770,1660297.6,74.6,28165,3558,1301223,46.2,139228,16792,2568756.6,18.45,406631,49519,4493272.55,11.05
1407,2023-05-04,35,31,20,18,13,2,34,9,1,0,20053292.21,20053292.21,25,0,475878.75,19035.15,78,7,290815.2,3728.4,1295,159,528748.5,408.3,2287,242,396565.8,173.4,33102,4136,2563749.9,77.45,43954,5043,2008697.8,45.7,210557,26704,3968999.45,18.85,629606,79109,6957146.3,11.05
1408,2023-05-11,8,15,9,18,3,28,12,14,1,0,4273177.93,4273177.93,24,1,220102.8,9170.95,35,5,134506.75,3843.05,840,93,244566,291.15,1355,180,183399.25,135.35,18211,2349,1186446.65,65.15,26534,3226,928690,35,109181,13456,1834240.8,16.8,305477,37934,3222782.35,10.55
1409,2023-05-18,3,19,6,33,11,20,7,18,0,0,0,0,0,0,0,0,36,3,355874.4,9885.4,663,82,245442.6,370.2,1321,169,184081.35,139.35,17570,2139,1190367.5,67.75,25399,2827,932143.3,36.7,107456,13063,1842870.4,17.15,300386,36881,3229149.5,10.75
1410,2023-05-25,17,20,30,29,27,12,8,6,0,0,0,0,2,0,394272.9,197136.45,52,12,490178,9426.5,837,157,426242.25,509.25,1770,248,319662,180.6,26337,3360,2002928.85,76.05,34171,4852,1556489.05,45.55,162623,21495,3301246.9,20.3,469576,61881,5681869.6,12.1
1411,2023-06-01,14,23,19,31,6,28,34,3,0,0,0,0,12,0,519607.2,43300.6,66,12,645998.1,9787.85,1254,225,561729.3,447.95,2296,289,421316,183.5,33975,4360,2639857.5,77.7,45439,5832,2049298.9,45.1,213977,27003,4354431.95,20.35,621735,78797,7491906.75,12.05
1412,2023-06-08,17,15,28,12,22,21,20,11,0,0,0,0,4,0,719877.4,179969.35,85,7,894982,10529.2,1485,132,778214.25,524.05,3366,417,583664.4,173.4,48829,6190,3657292.1,74.9,63649,8425,2841927.85,44.65,307940,39710,6035624,19.6,889948,115588,10367894.2,11.65
1413,2023-06-15,20,11,13,9,2,25,31,2,0,0,0,0,4,0,1120038,280009.5,141,22,1392480.75,9875.75,2615,401,1210875.75,463.05,5247,682,908255.7,173.1,76418,10107,5689320.1,74.45,100617,13977,4422117.15,43.95,467542,60870,9374217.1,20.05,1328252,174144,16138261.8,12.15
1414,2023-06-22,22,3,5,23,4,14,6,17,1,0,100000000,100000000,10,0,2160700,216070,214,24,2686277.8,12552.7,4732,513,2335951.8,493.65,9866,1202,1751708.3,177.55,145034,17722,10979073.8,75.7,192208,23390,8524424.8,44.35,905717,112907,18114340,20,2610159,327316,31060892.1,11.9
1415,2023-06-29,3,28,8,18,5,24,1,2,0,0,0,0,1,0,249394.55,249394.55,44,4,310057,7046.75,780,94,269607,345.65,1331,164,202178.9,151.9,17303,2190,1267444.75,73.25,26996,3003,984004.2,36.45,101723,12503,2090407.65,20.55,286855,35297,3585687.5,12.5
1416,2023-07-06,12,28,7,16,10,20,17,20,0,0,0,0,5,0,397611,79522.2,54,4,494326.8,9154.2,883,110,429844.4,486.8,2161,245,322421.2,149.2,29400,3500,2019780,68.7,38161,4535,1568417.1,41.1,176763,20996,3331982.55,18.85,487744,59619,5730992,11.75
1417,2023-07-13,19,3,29,17,27,30,11,15,0,0,0,0,2,1,518242.1,259121.05,58,10,644301.7,11108.65,1200,191,560280,466.9,2613,337,420170.4,160.8,37300,5076,2633380,70.6,52331,6477,2046142.1,39.1,223117,29519,4339625.65,19.45,621126,81050,7453512,12
1418,2023-07-20,7,29,14,4,32,27,9,17,0,0,0,0,13,4,776886.5,59760.5,118,16,965859.5,8185.25,2107,256,839850.2,398.6,3817,513,629995.85,165.05,53595,6980,3947271.75,73.65,72280,9421,3064672,42.4,329282,42731,6503319.5,19.75,936166,120475,11187183.7,11.95
1419,2023-07-27,19,14,18,22,16,4,33,18,0,0,0,0,8,1,1079756.8,134969.6,128,20,1342400,10487.5,2392,338,1167296,488,4993,685,875522.55,175.35,72309,9306,5484637.65,75.85,94915,12591,4261683.5,44.9,448183,60147,9053296.6,20.2,1286967,174490,15572300.7,12.1
1420,2023-08-03,13,7,18,1,23,25,33,7,2,0,100000000,50000000,49,3,2003164.1,40880.9,268,31,2490416.8,9292.6,4771,548,2165556.9,453.9,10194,1317,1624413.9,159.35,144837,19079,10174799.25,70.25,183325,23816,7901307.5,43.1,879573,115103,16799844.3,19.1,2493416,326932,28798954.8,11.55
1421,2023-08-10,11,24,9,23,18,16,10,9,0,0,0,0,1,0,264052.6,264052.6,30,0,328281,10942.7,597,40,285455.55,478.15,1260,183,214074,169.9,18278,2294,1341605.2,73.4,23134,2776,1042186.7,45.05,116212,14644,2213838.6,19.05,331747,41531,3798503.15,11.45
1422,2023-08-17,24,12,30,26,10,17,21,10,0,0,0,0,4,0,393827,98456.75,54,9,489623.4,9067.1,858,127,425739.6,496.2,2015,258,319276.75,158.45,27038,3433,2000812,74,34536,4063,1554120,45,166839,21168,3303412.2,19.8,473993,60398,5664216.35,11.95
1423,2023-08-24,8,17,18,20,11,3,33,7,0,0,0,0,6,1,549208.5,91534.75,61,8,682800.45,11193.45,1092,127,593720.4,543.7,2700,386,445365,164.95,39952,5341,2790647.2,69.85,51538,6641,2167172.9,42.05,245571,31934,4604456.25,18.75,695597,91812,7895025.95,11.35
1424,2023-08-31,10,35,27,32,6,14,31,6,1,0,40000000,40000000,28,0,762841.8,27244.35,67,7,948398.4,14155.2,1479,131,824690.4,557.6,3251,427,618502.75,190.25,47378,6192,3875520.4,81.8,62265,7796,3010512.75,48.35,303990,40281,6383790,21,895561,117283,10970622.25,12.25
