Combination,Count,Dates
9-29-32-33-37-39,1,23/03/2019
1-10-12-29-32-39,1,15/02/1997
1-10-14-16-32-34,1,27/01/2007
1-10-15-23-36-43,1,18/03/2017
1-10-15-30-40-41,1,10/10/1998
1-10-15-31-36-39,1,11/03/2017
1-10-16-22-27-36,1,12/08/2000
1-10-16-30-33-41,1,17/01/2015
1-10-17-24-29-33,1,01/02/2020
1-10-17-29-38-41,1,12/10/2002
1-10-18-25-35-37,1,06/12/2003
1-10-18-31-37-38,1,01/05/1999
9-19-24-31-35-36,1,31/03/1990
9-19-24-28-29-31,1,01/09/2012
9-19-22-24-29-31,1,21/10/2006
9-18-29-38-41-44,1,11/01/1992
9-18-29-32-33-41,1,10/12/2011
9-18-23-24-33-36,1,19/11/2011
9-18-23-24-32-37,1,08/04/1995
9-18-19-36-39-40,1,09/10/1999
9-18-19-20-26-45,1,19/10/1996
9-17-24-28-35-37,1,29/02/1992
9-17-20-38-44-45,1,24/02/2007
9-17-20-21-25-33,1,20/11/2021
9-17-18-20-27-41,1,11/08/2007
9-16-32-37-40-41,1,02/09/2023
9-16-26-35-39-41,1,19/12/2020
9-16-22-33-34-37,1,08/11/1986
1-13-17-38-40-44,1,28/10/2017
1-13-16-25-30-32,1,07/12/2019
1-13-16-21-22-34,1,27/07/1991
1-12-28-31-32-34,1,21/06/2014
1-12-24-26-37-41,1,03/06/2023
1-12-22-27-38-40,1,20/09/2014
1-12-22-26-38-44,1,21/10/2000
1-12-18-20-26-42,1,11/07/1987
1-12-16-17-19-32,1,23/03/2024
1-12-15-26-34-42,1,04/12/1993
1-12-14-21-39-43,1,22/01/2022
1-12-14-19-37-41,1,03/05/2014
1-12-14-16-24-40,1,19/11/2016
1-12-13-34-36-39,1,26/03/1988
1-11-30-36-42-45,1,25/05/1996
1-11-24-32-33-44,1,05/06/2021
1-15-16-20-31-36,1,25/05/2013
1-14-24-26-30-37,1,03/08/2013
1-14-23-34-41-42,1,26/03/2011
1-14-22-26-29-37,1,12/06/1999
1-14-21-29-33-36,1,07/11/2009
1-14-20-25-26-40,1,30/06/2018
1-14-18-22-23-29,1,16/04/2011
1-14-17-29-30-37,1,04/05/1991
1-13-25-38-43-45,1,04/07/2009
1-13-24-28-29-33,1,08/08/2015
1-13-23-27-33-44,1,29/10/2005
1-13-21-27-34-37,1,28/09/2013
1-13-20-26-37-45,1,31/05/2014
1-13-20-24-26-38,1,30/07/1994
1-13-19-31-37-39,1,28/12/2019
1-13-18-33-36-37,1,20/02/2010
1-17-26-32-34-45,1,27/11/1993
1-17-24-32-34-41,1,17/03/2001
1-17-22-26-37-40,1,17/12/1994
1-17-20-40-42-44,1,28/06/2014
1-17-19-32-34-45,1,22/09/2012
1-17-18-24-30-41,1,10/08/1996
1-16-24-25-30-40,1,21/06/1997
1-16-21-30-35-40,1,13/05/2017
1-16-21-26-39-41,1,27/04/2019
1-16-21-26-27-40,1,01/10/1994
1-15-20-29-35-38,1,13/08/2022
1-15-19-20-25-41,1,19/03/2005
1-15-18-29-37-40,1,24/10/2015
1-15-18-25-34-40,1,15/04/2000
1-15-17-38-40-41,1,27/03/2004
1-15-17-33-34-37,1,20/06/2009
1-2-10-27-41-43,1,11/04/2009
1-2-10-15-17-21,1,06/12/2008
1-2-10-12-21-42,1,02/11/2019
1-19-29-34-37-44,1,15/07/1989
1-19-25-29-36-44,1,18/12/2021
1-19-22-23-27-45,1,04/06/2011
1-19-20-36-38-41,1,07/06/2014
1-19-20-22-32-34,1,30/09/2017
1-18-28-30-37-43,1,15/08/2009
1-18-25-37-39-43,1,16/05/1992
1-18-23-36-37-38,1,23/06/2007
1-18-23-28-32-33,1,15/01/2005
1-18-22-26-34-42,1,23/10/1993
1-18-20-37-42-43,1,01/10/1988
1-18-20-23-25-29,1,07/03/1992
1-17-29-30-39-44,1,15/09/2007
1-2-23-27-34-42,1,17/03/2007
1-2-23-24-28-30,1,11/11/2023
1-2-18-31-41-42,1,28/02/1998
1-2-18-24-36-43,1,05/08/2023
1-2-18-21-24-36,1,13/07/2024
1-2-17-23-37-38,1,24/12/1994
1-2-16-24-32-38,1,05/12/1987
1-2-15-16-21-28,1,21/04/2012
1-2-14-35-36-39,1,25/09/2004
1-2-14-20-30-43,1,12/01/2002
1-2-14-16-19-45,1,12/05/2012
1-2-13-20-39-44,1,18/06/2016
1-2-13-16-21-31,1,30/03/1991
1-2-12-29-34-42,1,24/07/1999
1-2-12-15-38-39,1,25/07/1987
1-2-12-13-20-42,1,10/02/2024
1-21-22-23-38-44,1,10/11/2018
1-20-28-35-36-44,1,04/09/2010
1-20-26-34-38-44,1,02/10/1993
1-20-24-31-37-39,1,23/12/2023
1-2-9-10-14-24,1,11/06/1994
1-2-8-22-42-43,1,28/07/1990
1-2-8-19-26-45,1,20/07/1991
1-2-8-12-16-20,1,19/03/1988
1-2-7-22-34-40,1,06/10/2018
1-2-6-24-26-36,1,26/02/2005
1-2-5-16-19-42,1,21/09/2013
1-2-5-15-20-29,1,15/03/1997
1-2-4-18-23-41,1,07/07/2001
1-2-31-38-39-45,1,23/05/2015
1-2-3-13-25-27,1,17/09/1994
1-2-24-25-31-34,1,12/12/2009
1-28-37-39-40-42,1,07/09/1996
1-27-28-33-37-42,1,28/07/2012
1-25-34-38-40-41,1,16/01/1993
1-25-31-33-44-45,1,28/06/2003
1-25-31-32-39-41,1,24/06/1989
1-24-34-40-44-45,1,04/04/2015
1-24-26-32-34-36,1,26/06/2021
1-23-27-29-30-42,1,08/03/1997
1-22-29-31-38-39,1,21/05/1994
1-22-25-31-36-43,1,06/06/1992
1-22-24-36-39-42,1,08/06/2019
1-22-24-29-36-39,1,05/04/2014
1-21-34-35-37-42,1,28/05/2016
1-21-31-38-39-41,1,03/04/2021
1-21-27-30-35-45,1,13/06/1992
1-21-25-30-32-45,1,23/05/2020
1-3-4-22-42-43,1,13/02/2021
1-3-26-29-40-43,1,02/04/1994
1-3-22-23-37-39,1,01/03/1997
1-3-20-22-42-44,1,10/02/1990
1-3-19-33-41-45,1,22/11/2003
1-3-18-24-32-38,1,21/11/1998
1-3-16-18-19-25,1,13/04/2024
1-3-15-23-25-41,1,17/08/2024
1-3-15-19-42-44,1,12/07/2014
1-3-14-24-31-35,1,07/05/2016
1-3-14-19-24-35,1,17/06/1989
1-3-12-18-22-38,1,12/11/2016
1-3-11-34-37-39,1,24/04/2004
1-3-11-29-36-42,1,16/04/2016
1-3-11-13-22-24,1,16/01/2016
1-3-10-17-20-35,1,21/12/2013
1-3-9-12-22-29,1,20/07/2013
1-3-9-10-21-33,1,11/01/2003
1-3-8-20-27-36,1,05/10/2002
1-3-8-16-28-37,1,12/03/2016
1-3-8-16-18-42,1,05/08/1989
1-3-7-8-15-35,1,07/11/2020
1-3-7-33-38-44,1,05/11/1994
1-3-7-15-44-45,1,15/09/2018
1-3-7-12-24-32,1,16/07/2016
1-3-6-7-29-42,1,05/09/1992
1-3-6-7-11-24,1,30/09/2000
1-3-6-21-22-40,1,10/05/2008
1-3-5-33-35-38,1,09/09/1989
1-3-5-19-22-29,1,29/07/2000
1-3-5-10-34-36,1,12/01/1991
1-3-5-10-22-43,1,21/07/2007
1-4-6-15-21-27,1,02/04/2022
1-4-5-8-28-41,1,24/05/2003
1-4-25-27-40-41,1,10/11/2012
1-4-22-24-31-33,1,23/07/2011
1-4-21-23-24-43,1,26/02/2011
1-4-16-26-27-32,1,09/06/2012
1-4-16-17-27-42,1,14/03/1998
1-4-15-29-33-36,1,26/07/1997
1-4-15-16-17-21,1,15/06/2013
1-4-14-16-30-45,1,27/06/1987
1-4-13-14-28-43,1,12/12/1992
1-4-10-27-33-44,1,30/08/2008
1-4-10-17-29-45,1,22/12/2012
1-3-9-17-24-41,1,03/09/1994
1-3-9-14-21-27,1,03/07/2004
1-3-9-12-36-38,1,12/06/1993
1-5-13-36-38-39,1,06/12/2014
1-5-13-29-32-43,1,24/06/2017
1-5-13-20-35-39,1,29/05/1993
1-5-12-22-27-30,1,19/05/2001
1-5-12-21-24-45,1,02/02/2019
1-5-12-15-19-24,1,13/04/1991
1-5-11-12-17-34,1,08/10/2005
1-5-10-14-29-33,1,13/09/2014
1-4-9-10-29-42,1,11/03/2023
1-4-7-9-12-30,1,24/12/2011
1-4-7-8-21-42,1,23/03/2002
1-4-7-25-36-41,1,09/12/2006
1-4-7-11-32-40,1,27/01/2018
1-4-6-7-27-38,1,05/10/1991
1-4-6-24-29-40,1,28/12/2002
1-4-6-21-37-40,1,01/11/2003
1-5-7-8-15-39,1,10/10/2015
1-5-6-11-28-36,1,20/12/2003
1-5-38-41-42-45,1,02/05/2009
1-5-32-35-37-39,1,18/08/1990
1-5-28-31-34-42,1,05/08/1995
1-5-26-28-39-45,1,16/12/2017
1-5-21-24-37-41,1,03/01/1998
1-5-20-24-31-41,1,05/01/1991
1-5-18-20-23-34,1,19/02/2022
1-5-17-18-30-40,1,14/06/2003
1-5-14-36-41-44,1,02/05/1987
1-5-14-26-32-33,1,22/07/2023
1-5-14-23-41-45,1,19/02/2011
1-5-14-23-31-42,1,22/11/2014
1-5-14-15-34-42,1,04/11/2023
1-5-14-15-19-30,1,24/02/2018
1-6-16-20-25-36,1,27/09/2014
1-6-16-19-38-44,1,01/12/2007
1-6-16-19-36-45,1,13/01/2018
1-6-16-17-18-34,1,16/02/2013
1-6-15-21-43-44,1,18/03/2023
1-6-14-30-36-40,1,26/06/1993
1-6-14-19-32-42,1,18/06/2011
1-6-13-22-27-31,1,25/09/1993
1-6-13-19-27-36,1,27/07/2002
1-6-11-37-41-43,1,06/03/1993
1-6-11-21-33-38,1,24/06/1995
1-6-10-29-36-41,1,10/12/2005
1-6-10-23-38-40,1,29/03/1997
1-6-10-15-26-40,1,03/07/2010
1-5-9-18-33-34,1,31/12/1988
1-5-8-17-19-33,1,11/07/1992
1-7-11-20-21-32,1,05/08/2017
1-7-10-23-25-42,1,09/08/2003
1-7-10-22-26-40,1,30/07/2005
1-7-10-11-18-36,1,18/09/1999
1-6-9-37-38-39,1,10/08/2019
1-6-9-24-25-35,1,24/03/1990
1-6-8-30-32-41,1,18/07/1987
1-6-8-27-33-39,1,22/08/1987
1-6-8-13-18-40,1,07/10/2006
1-6-8-10-29-40,1,23/01/2021
1-6-7-23-33-38,1,22/12/2001
1-6-7-19-23-36,1,02/02/2002
1-6-7-15-19-21,1,04/11/2006
1-6-23-34-39-44,1,26/08/1989
1-6-18-39-42-44,1,05/09/1998
1-6-18-23-29-43,1,07/07/2018
1-8-11-16-31-38,1,21/08/2010
1-8-10-14-23-36,1,07/09/2019
1-7-9-11-18-29,1,18/02/1989
1-7-8-35-37-41,1,15/12/2007
1-7-25-27-36-43,1,16/03/2002
1-7-24-27-38-42,1,30/05/1992
1-7-22-28-36-42,1,26/09/2020
1-7-21-22-23-27,1,03/09/2011
1-7-20-26-34-39,1,27/04/2024
1-7-16-19-23-44,1,19/08/2000
1-7-15-33-35-40,1,30/04/2011
1-7-14-34-41-45,1,13/02/2010
1-7-13-28-35-41,1,14/11/1992
1-7-13-25-36-41,1,20/10/2001
1-7-13-16-30-40,1,26/09/2009
1-7-11-21-23-43,1,12/06/2010
1-8-31-36-41-44,1,19/08/1989
1-8-24-26-43-45,1,31/05/1997
1-8-23-29-31-40,1,29/04/1995
1-8-22-27-30-40,1,04/05/2002
1-8-20-31-32-37,1,16/09/2000
1-8-20-27-28-36,1,28/02/2004
1-8-19-31-35-40,1,09/04/2022
1-8-18-22-26-31,1,01/05/1993
1-8-18-19-24-32,1,24/04/1993
1-8-16-31-40-43,1,27/12/1986
1-8-16-17-24-35,1,04/01/1992
1-8-15-20-23-44,1,11/08/2018
1-8-14-23-26-41,1,19/09/2020
1-8-14-20-22-45,1,23/06/2001
1-8-13-24-35-42,1,15/03/2003
1-8-12-15-31-42,1,16/03/2019
10-11-12-13-41-45,1,03/08/2024
1-9-31-34-39-40,1,14/12/2019
1-9-25-28-36-44,1,06/03/2004
1-9-17-22-26-30,1,04/11/2000
1-9-17-18-24-34,1,28/11/2015
1-9-14-32-35-42,1,21/08/1999
1-9-13-32-33-34,1,04/03/2023
1-9-13-19-24-41,1,16/02/2008
1-9-12-30-38-42,1,18/10/2008
1-9-12-15-19-34,1,29/08/1992
1-9-11-24-32-41,1,05/12/2020
1-9-11-13-33-35,1,28/05/2011
1-9-10-35-36-37,1,02/03/1991
1-9-10-13-27-39,1,18/01/2014
1-8-9-19-21-33,1,17/04/1993
1-8-34-37-38-42,1,04/04/2009
10-13-14-15-26-29,1,08/02/2003
10-12-30-34-42-44,1,24/01/2015
10-12-23-26-27-31,1,15/01/2011
10-12-23-25-26-43,1,27/08/1994
10-12-18-32-38-44,1,08/06/1996
10-12-15-26-29-40,1,20/03/2010
10-12-13-20-37-38,1,22/04/2006
10-11-24-25-26-36,1,31/07/1999
10-11-23-28-38-41,1,14/09/2002
10-11-22-26-28-37,1,09/12/2000
10-11-19-21-39-45,1,11/06/2022
10-11-18-26-39-44,1,03/12/2016
10-11-18-22-25-36,1,04/10/2003
10-11-15-30-34-36,1,18/08/2012
10-11-13-19-24-41,1,31/12/2010
10-11-12-15-22-28,1,25/06/2011
10-15-26-37-40-44,1,09/03/1996
10-15-17-31-37-42,1,02/07/2022
10-15-17-18-20-31,1,11/10/2008
10-15-16-26-30-45,1,16/05/2015
10-15-16-24-26-35,1,29/07/1989
10-14-27-28-41-43,1,06/02/1988
10-14-25-33-43-45,1,06/07/2002
10-14-24-30-40-41,1,02/04/2011
10-14-21-22-37-45,1,27/10/2001
10-14-21-22-23-42,1,02/12/2023
10-14-19-20-27-37,1,31/10/2015
10-14-16-18-31-43,1,02/05/2020
10-14-15-17-27-31,1,29/07/1995
10-13-22-36-37-38,1,26/05/2012
10-13-16-26-32-36,1,07/08/1993
10-13-16-22-39-45,1,10/05/2014
10-20-21-25-38-39,1,10/09/2011
10-20-21-23-25-38,1,17/12/1988
10-19-26-27-31-33,1,21/03/2020
10-19-23-30-33-39,1,24/03/2018
10-19-23-26-34-38,1,16/10/1999
10-19-20-21-27-41,1,25/08/1990
10-18-22-30-37-43,1,12/08/1989
10-18-20-34-35-37,1,28/11/2020
10-17-25-27-41-42,1,20/02/1988
10-17-19-24-36-38,1,25/01/2020
10-17-18-19-29-39,1,08/01/2005
10-16-22-23-27-37,1,14/03/1987
10-16-21-31-39-42,1,28/10/2000
10-16-20-22-30-38,1,30/11/2019
10-16-18-26-32-33,1,11/12/2010
10-16-18-20-21-31,1,11/08/1990
11-12-14-15-23-37,1,16/04/2022
11-12-13-23-24-27,1,03/02/2018
10-32-36-38-39-40,1,18/05/2002
10-28-32-33-37-44,1,30/11/1996
10-26-29-32-40-44,1,09/11/1996
10-25-38-42-44-45,1,09/03/2002
10-25-26-27-32-35,1,20/10/2012
10-24-32-34-38-43,1,19/03/2022
10-24-26-37-39-44,1,27/01/2001
10-23-24-29-36-43,1,11/01/1997
10-22-28-34-42-45,1,05/05/2018
10-21-25-29-38-40,1,26/05/2018
10-21-24-30-44-45,1,29/06/2024
10-21-22-26-29-41,1,29/03/2014
10-20-25-38-39-43,1,20/02/1999
10-20-21-27-32-33,1,07/04/2001
11-13-16-19-24-43,1,24/12/1988
11-13-14-18-19-37,1,09/05/1992
11-12-37-39-41-42,1,09/02/2002
11-12-26-32-38-39,1,12/05/2007
11-12-25-38-43-44,1,18/04/1992
11-12-25-30-38-42,1,11/11/1989
11-12-23-25-30-31,1,17/08/1996
11-12-20-22-29-37,1,10/07/2004
11-12-18-25-34-45,1,24/09/2016
11-12-18-19-25-26,1,25/10/1997
11-12-17-36-38-44,1,25/10/2014
11-12-17-31-42-44,1,21/04/2018
11-12-16-22-24-30,1,04/03/1989
11-12-15-31-40-41,1,13/11/1999
11-12-15-25-34-35,1,27/02/1988
11-12-15-20-32-33,1,29/10/2011
11-15-18-19-42-43,1,25/04/1992
11-15-16-21-24-33,1,23/10/1999
11-14-31-35-40-44,1,10/12/1994
11-14-16-37-41-45,1,13/08/2016
11-14-16-23-33-41,1,02/12/2006
11-14-15-19-34-37,1,20/03/1993
11-13-28-37-43-45,1,24/05/2014
11-13-25-26-40-43,1,08/04/1989
11-13-23-27-35-38,1,27/07/2019
11-13-23-24-35-39,1,22/08/1992
11-13-21-25-40-45,1,22/06/1991
11-13-18-25-30-39,1,08/08/1998
11-13-18-21-24-30,1,22/04/2017
11-13-18-20-42-43,1,02/03/2013
11-13-17-23-31-39,1,01/04/2000
11-13-16-19-27-35,1,14/06/2014
11-18-21-30-32-36,1,14/07/2007
11-17-25-33-41-44,1,19/07/1997
11-17-25-30-40-41,1,01/12/2012
11-17-23-25-30-43,1,18/10/1997
11-17-18-20-37-41,1,11/01/2020
11-17-18-19-33-41,1,17/03/1990
11-16-33-38-40-42,1,04/01/2020
11-16-32-40-41-45,1,01/02/2014
11-16-31-34-44-45,1,18/12/2004
11-16-26-32-39-42,1,06/03/2021
11-16-20-32-34-35,1,13/06/1998
11-16-17-29-35-38,1,16/07/2011
11-15-28-30-33-39,1,06/11/2021
11-15-26-32-40-45,1,22/02/2003
11-15-23-32-35-44,1,30/08/1997
11-15-20-27-38-45,1,26/08/2017
11-22-27-32-42-44,1,22/07/2017
11-22-25-26-31-42,1,29/06/2013
11-22-23-33-35-39,1,26/08/2000
11-22-23-24-38-39,1,15/07/2006
11-21-22-25-32-45,1,18/02/2006
11-20-24-26-40-44,1,19/11/1994
11-20-23-35-42-45,1,31/12/2022
11-20-21-22-27-40,1,28/06/1997
11-19-30-37-39-45,1,14/01/2023
11-19-28-36-37-40,1,28/11/2009
11-19-22-33-36-39,1,04/04/2020
11-19-21-23-25-27,1,02/10/2004
11-18-26-27-37-39,1,29/08/2015
11-18-23-25-41-43,1,23/03/1996
11-18-22-32-36-37,1,19/01/2002
11-18-22-24-26-33,1,08/07/2017
12-13-15-26-34-39,1,24/01/2004
12-13-15-21-22-43,1,30/01/2010
12-13-14-18-30-35,1,28/10/2023
11-29-32-33-42-43,1,04/03/2006
11-29-30-40-41-43,1,23/08/2014
11-27-31-34-39-45,1,04/02/2023
11-26-31-32-36-45,1,08/02/1992
11-26-28-29-30-40,1,08/12/1990
11-25-35-40-41-44,1,15/05/2004
11-25-26-34-38-42,1,14/08/1999
11-23-31-33-40-42,1,01/08/1987
11-23-27-38-43-44,1,14/10/2000
11-23-27-28-37-41,1,16/09/2023
11-22-32-33-37-38,1,26/11/2005
11-22-28-31-32-34,1,16/11/2019
11-22-27-33-35-37,1,20/01/2024
12-15-30-37-40-44,1,01/06/2013
12-15-23-30-36-42,1,01/03/2003
12-15-21-25-32-40,1,27/11/2004
12-15-16-37-42-45,1,24/08/2013
12-14-30-34-40-41,1,19/06/2021
12-14-24-32-37-40,1,05/09/1987
12-14-24-25-35-38,1,04/08/2018
12-14-22-29-31-45,1,26/11/2022
12-14-21-24-25-38,1,21/04/1990
12-14-20-22-24-44,1,10/06/2017
12-14-18-19-30-38,1,25/02/2012
12-13-23-26-39-41,1,27/02/1999
12-13-20-31-34-35,1,19/03/1994
12-13-18-34-40-45,1,14/11/1987
12-13-17-34-36-42,1,06/01/2024
12-13-17-23-40-41,1,21/10/1989
12-20-31-36-38-39,1,16/03/1996
12-20-31-33-34-44,1,11/08/2001
12-20-24-32-39-45,1,26/04/2014
12-20-23-30-32-39,1,07/07/2007
12-20-21-28-29-33,1,24/10/1992
12-19-26-29-39-45,1,05/11/2022
12-19-22-26-32-33,1,05/03/2011
12-18-27-39-41-45,1,27/05/1995
12-18-22-33-40-44,1,06/04/1996
12-18-21-22-33-38,1,03/04/2010
12-17-25-30-38-44,1,04/10/1997
12-17-21-29-31-42,1,21/01/2006
12-16-26-27-30-40,1,24/07/2021
12-16-24-28-35-39,1,25/12/1999
12-16-21-24-28-42,1,11/02/2006
12-16-17-32-41-45,1,15/12/2001
13-14-15-19-28-31,1,24/02/1996
12-28-33-36-37-43,1,03/11/1990
12-27-28-31-36-39,1,12/09/2020
12-26-34-40-43-45,1,09/08/2008
12-26-30-31-40-42,1,02/02/2008
12-26-27-37-42-44,1,18/05/1996
12-25-26-29-35-39,1,08/12/2001
12-24-29-32-43-45,1,09/09/2000
12-24-26-28-39-44,1,07/05/2011
12-23-34-36-38-40,1,15/06/2024
12-23-31-34-39-43,1,23/10/2010
12-23-31-33-34-38,1,16/09/2006
12-22-24-26-31-38,1,25/09/2010
12-21-37-42-43-44,1,10/03/1990
12-21-28-35-40-42,1,09/09/2017
12-21-22-25-37-39,1,28/09/2002
13-16-20-25-40-44,1,29/08/2020
13-16-19-40-41-44,1,17/10/1987
13-16-18-32-33-41,1,31/07/2021
13-16-18-19-23-28,1,14/01/2012
13-16-17-18-25-29,1,28/03/2015
13-15-37-39-42-45,1,05/03/2005
13-15-26-34-42-44,1,14/12/1991
13-15-21-33-35-37,1,04/06/2005
13-15-18-24-27-30,1,05/10/2024
13-15-18-21-37-41,1,29/05/1999
13-15-18-19-20-34,1,29/12/1990
13-14-22-37-42-43,1,05/10/1996
13-14-20-30-31-34,1,14/05/1994
13-14-16-31-37-45,1,03/03/1990
13-14-15-33-41-42,1,02/03/1996
13-14-15-32-35-43,1,29/06/1991
13-20-21-34-42-45,1,29/01/2005
13-19-24-29-33-38,1,14/03/1992
13-19-23-33-40-41,1,03/09/2005
13-19-22-29-36-42,1,13/06/2009
13-19-22-28-37-44,1,15/07/1995
13-19-20-21-25-37,1,23/02/2019
13-18-36-37-39-43,1,08/04/2000
13-18-27-41-44-45,1,19/09/1992
13-18-20-21-28-45,1,12/04/2014
13-18-19-23-28-32,1,26/03/2005
13-17-26-28-33-44,1,02/10/2021
13-17-21-25-33-38,1,09/07/2016
13-17-18-20-21-43,1,22/06/2013
13-16-29-34-35-41,1,15/08/2020
13-16-24-27-35-36,1,01/10/2005
13-16-23-24-28-29,1,02/09/1989
14-17-19-20-24-38,1,12/05/2001
14-16-35-38-40-43,1,12/12/2020
14-16-32-34-40-43,1,03/11/2007
14-16-29-41-42-43,1,21/02/1987
14-16-24-34-41-44,1,19/08/2023
14-15-26-27-35-41,1,13/11/2010
14-15-24-31-33-39,1,06/08/2022
14-15-23-27-34-40,1,12/09/1992
14-15-16-38-39-44,1,29/04/1989
13-35-36-37-42-43,1,12/02/2022
13-33-36-38-39-43,1,15/03/2014
13-29-33-35-38-43,1,28/04/2018
13-28-34-41-43-44,1,16/09/1989
13-26-38-41-43-44,1,05/03/1988
13-22-30-34-42-45,1,21/10/2017
13-21-25-31-41-42,1,14/05/1988
14-22-28-34-39-40,1,15/11/2008
14-22-25-26-28-45,1,14/01/1995
14-22-23-38-39-41,1,30/11/1991
14-21-28-29-36-44,1,04/12/2004
14-20-24-25-30-34,1,26/02/1994
14-20-23-36-43-45,1,29/10/1994
14-19-29-39-42-43,1,22/12/1990
14-19-29-36-42-44,1,25/01/1997
14-19-29-33-39-40,1,08/08/2009
14-19-22-25-31-35,1,25/11/1995
14-18-22-30-41-43,1,07/10/1989
14-17-31-33-34-36,1,30/04/2005
14-17-30-37-41-43,1,21/01/2017
14-17-30-32-37-40,1,29/09/2001
14-17-28-30-34-36,1,09/12/2017
14-17-26-28-37-41,1,16/02/2002
15-17-20-22-26-34,1,20/09/1997
15-17-19-28-32-33,1,28/05/2022
15-17-18-27-28-29,1,19/05/2007
15-17-18-24-42-45,1,27/05/2017
15-16-29-33-34-35,1,13/02/1999
15-16-21-22-29-34,1,26/04/2003
15-16-20-29-33-34,1,01/02/2003
15-16-19-25-30-32,1,06/07/1996
15-16-18-20-30-34,1,06/02/1993
14-30-35-38-44-45,1,04/11/1995
14-29-36-38-42-45,1,10/07/1993
14-29-32-33-40-43,1,21/09/2019
14-29-31-33-44-45,1,04/09/2021
14-27-32-33-36-41,1,16/01/2010
14-23-24-28-41-45,1,11/07/2015
14-22-29-30-39-41,1,22/07/2006
15-20-21-35-40-45,1,21/12/1996
15-19-31-34-35-43,1,03/08/1996
15-19-29-34-37-40,1,28/09/2024
15-19-28-36-39-41,1,16/10/2010
15-19-28-32-38-41,1,04/08/1990
15-19-24-28-35-41,1,27/06/2020
15-18-39-41-42-43,1,23/11/1991
15-18-28-32-40-42,1,05/12/2015
15-18-26-28-39-41,1,31/08/2013
15-18-23-30-41-44,1,06/07/2019
15-18-21-25-32-35,1,22/07/1995
15-17-29-30-32-39,1,27/06/2015
15-17-28-34-36-42,1,16/06/2001
15-17-27-33-40-43,1,10/04/2010
15-17-22-27-37-40,1,13/03/2021
15-17-21-25-30-33,1,14/07/2001
16-17-19-22-31-43,1,03/08/1991
16-17-18-22-35-42,1,18/05/1991
15-32-34-36-41-45,1,09/07/2011
15-30-32-33-34-45,1,24/05/2008
15-29-31-32-33-39,1,06/06/2015
15-26-31-36-37-41,1,09/11/2002
15-26-27-28-36-38,1,30/09/1989
15-24-26-31-34-43,1,27/12/2003
15-24-25-28-30-39,1,06/11/2010
15-23-28-29-34-39,1,15/11/2003
15-22-25-34-35-41,1,15/09/2001
15-22-25-34-35-36,1,11/05/1996
15-21-25-27-35-40,1,26/07/2003
15-20-25-27-35-39,1,14/05/2022
15-20-23-33-39-42,1,29/10/2016
15-20-22-25-40-43,1,05/11/1988
16-20-25-35-38-41,1,17/07/1993
16-20-24-32-34-37,1,01/04/2017
16-20-23-36-38-43,1,30/05/2015
16-20-23-28-35-39,1,25/03/2017
16-19-33-34-35-40,1,06/03/1999
16-19-20-37-39-43,1,04/08/2012
16-19-20-27-35-41,1,03/07/1999
16-19-20-22-27-35,1,08/11/2014
16-18-25-35-36-40,1,16/06/2012
16-18-21-28-35-38,1,10/04/1999
16-18-19-21-22-25,1,13/04/2019
16-17-28-37-42-43,1,08/12/2007
16-17-26-38-39-42,1,24/02/2024
16-17-21-29-38-42,1,12/09/2015
16-17-21-27-29-43,1,09/03/2019
16-17-21-22-23-44,1,02/09/2017
17-18-31-35-36-44,1,05/06/2004
17-18-20-25-36-42,1,17/11/1990
16-30-33-37-40-41,1,22/04/2000
16-30-32-39-43-45,1,19/04/1997
16-30-32-35-38-41,1,11/05/2013
16-28-31-33-36-38,1,06/05/1989
16-25-30-31-39-42,1,01/11/1997
16-25-29-36-39-40,1,20/11/1999
16-25-28-34-42-43,1,03/06/2000
16-24-32-34-39-42,1,15/07/2000
16-23-26-30-33-45,1,24/03/2001
16-22-35-37-39-42,1,22/10/2016
16-22-24-35-37-42,1,14/02/2015
16-21-33-35-38-40,1,21/09/1991
16-21-24-25-36-37,1,28/03/1998
16-21-22-29-39-45,1,07/08/1999
17-25-27-31-40-41,1,07/01/1995
17-23-30-38-40-42,1,10/07/2010
17-23-25-36-39-43,1,24/10/1987
17-23-25-29-30-31,1,20/07/2024
17-22-31-39-42-43,1,16/11/2002
17-22-26-29-32-40,1,13/11/2021
17-22-24-25-26-40,1,28/12/2013
17-21-22-24-28-34,1,28/02/2009
17-20-37-40-42-45,1,02/09/2006
17-20-30-36-37-44,1,25/11/2023
17-20-25-30-32-40,1,12/03/1988
17-20-23-33-37-45,1,08/10/2022
17-20-21-31-41-44,1,11/05/2024
17-19-24-36-38-44,1,08/02/2020
17-19-22-27-42-45,1,03/06/1989
17-19-21-22-23-30,1,28/08/2021
18-20-23-32-40-42,1,06/10/2012
18-20-22-27-28-40,1,20/12/2008
18-19-30-31-42-45,1,04/12/1999
18-19-27-30-38-43,1,11/11/2017
18-19-27-29-38-45,1,26/11/2016
18-19-26-27-38-43,1,16/02/2019
18-19-25-32-37-39,1,29/04/2006
18-19-20-29-32-40,1,14/02/1987
18-19-20-28-33-36,1,04/07/1987
17-31-33-35-39-42,1,04/07/2020
17-30-36-41-42-45,1,14/07/2012
17-27-29-39-42-45,1,24/03/2012
17-27-28-32-34-44,1,11/05/2019
17-26-30-32-42-43,1,24/11/2012
17-26-27-28-30-38,1,07/04/2012
17-25-28-34-37-45,1,03/01/2009
18-26-29-33-39-41,1,24/07/2004
18-25-31-32-37-39,1,15/07/2023
18-24-31-32-41-44,1,24/01/2009
18-24-29-30-40-41,1,26/05/1990
18-24-26-27-39-42,1,25/08/2001
18-24-25-36-40-41,1,18/03/2006
18-23-29-32-38-42,1,06/05/2006
18-23-28-30-35-37,1,21/12/2019
18-23-25-33-37-43,1,19/04/2008
18-23-25-28-35-37,1,07/10/2023
18-22-30-32-33-36,1,03/05/1997
18-22-26-31-34-43,1,23/04/2005
18-22-24-34-40-42,1,09/10/2021
18-21-35-38-39-43,1,03/01/2015
18-21-26-39-41-43,1,19/10/2019
18-21-24-25-26-44,1,24/01/1987
19-24-27-36-40-43,1,04/10/2008
19-24-25-27-28-36,1,20/08/2005
19-23-33-38-42-45,1,14/04/2007
19-23-32-33-36-44,1,27/01/1996
19-22-25-26-36-43,1,18/09/2004
19-22-24-25-42-43,1,08/09/2018
19-21-25-27-42-45,1,19/12/1987
19-21-23-25-40-42,1,02/06/2007
19-20-32-37-39-41,1,24/02/1990
19-20-32-33-41-42,1,25/05/1991
19-20-31-36-43-45,1,06/06/2009
19-20-23-31-35-36,1,09/04/1988
19-20-21-26-27-40,1,19/11/2005
19-20-21-23-25-43,1,06/04/2013
18-28-31-36-41-42,1,29/11/2014
18-27-33-34-38-41,1,08/09/2007
2-11-12-16-24-39,1,21/03/2015
2-10-26-32-38-40,1,29/12/2001
2-10-22-24-26-44,1,17/10/2009
2-10-19-26-30-36,1,05/03/1994
2-10-19-20-25-27,1,28/04/2007
2-10-18-27-28-36,1,28/03/1987
2-10-16-31-35-40,1,31/08/2002
2-10-16-24-27-35,1,23/01/1993
2-10-14-22-23-34,1,20/12/1986
2-10-14-20-31-43,1,27/02/1993
2-10-11-14-43-44,1,16/01/1988
19-34-38-40-43-45,1,08/07/1995
19-29-30-33-44-45,1,07/01/2012
19-27-31-39-41-43,1,14/01/1989
19-25-30-38-42-44,1,01/10/2011
19-25-30-33-38-45,1,04/11/1989
2-13-15-20-25-40,1,02/12/2000
2-12-20-27-30-31,1,07/06/2008
2-12-19-22-30-40,1,29/05/2010
2-12-18-23-29-40,1,01/09/2001
2-12-15-24-35-37,1,27/11/2010
2-12-13-29-31-40,1,14/08/2010
2-12-13-20-30-35,1,04/05/2013
2-11-20-26-39-45,1,05/03/2016
2-11-19-23-32-34,1,15/09/2012
2-11-17-29-32-40,1,04/04/1987
2-11-17-27-29-41,1,21/01/1989
2-11-17-19-39-40,1,17/07/2010
2-11-15-19-27-31,1,19/09/1987
2-11-15-19-20-25,1,29/01/2011
2-11-13-15-26-40,1,13/10/2012
2-11-12-23-42-43,1,10/06/2023
2-16-19-29-30-31,1,23/06/2012
2-16-18-21-33-40,1,09/07/1994
2-16-18-19-30-40,1,05/03/2022
2-15-21-33-36-45,1,04/02/1995
2-15-21-31-37-38,1,07/07/2012
2-15-20-25-32-44,1,20/03/1999
2-15-18-29-32-43,1,23/12/2006
2-14-30-32-35-38,1,17/07/2021
2-14-24-37-40-44,1,30/08/2014
2-14-20-24-27-29,1,26/10/1996
2-14-19-23-30-43,1,25/07/1992
2-14-16-23-34-39,1,24/10/2009
2-14-15-37-39-44,1,22/10/2005
2-14-15-20-29-30,1,16/10/2004
2-13-24-28-31-40,1,28/01/2006
2-13-23-24-32-45,1,15/06/1996
2-21-29-35-36-45,1,03/03/2018
2-21-27-37-39-42,1,21/11/2020
2-21-22-26-39-45,1,29/12/2007
2-20-24-29-33-41,1,19/09/2009
2-20-24-25-26-41,1,25/03/2000
2-20-22-24-27-30,1,30/04/2016
2-19-26-33-44-45,1,27/10/1990
2-19-23-24-39-44,1,12/09/1998
2-18-21-37-40-42,1,02/12/1995
2-18-21-22-35-43,1,18/07/2020
2-18-20-25-30-36,1,09/01/2016
2-17-27-30-34-45,1,15/06/2002
2-17-24-30-34-38,1,20/06/1998
2-17-19-21-30-41,1,08/03/2003
2-16-21-24-28-35,1,09/06/1990
2-16-20-27-28-32,1,09/11/2013
2-3-5-7-9-23,1,19/12/2009
2-3-5-29-30-38,1,29/06/2002
2-3-5-24-25-42,1,08/10/1988
2-3-4-6-14-39,1,15/12/1990
2-3-4-18-25-41,1,10/01/1998
2-3-32-39-40-44,1,03/07/1993
2-3-29-30-35-43,1,20/06/1987
2-3-17-26-29-44,1,30/01/1988
2-3-15-16-18-24,1,16/08/2014
2-3-14-17-19-35,1,20/04/1996
2-3-13-32-37-38,1,05/09/2020
2-3-12-13-16-30,1,23/03/2013
2-3-11-23-38-39,1,30/12/2023
2-3-11-17-25-31,1,09/03/2024
2-22-35-37-38-40,1,22/06/2024
2-21-33-40-41-42,1,03/06/2006
2-4-14-15-16-24,1,21/07/2018
2-4-13-31-33-37,1,26/12/1998
2-4-13-19-20-41,1,17/12/2005
2-4-13-18-21-41,1,23/09/1989
2-4-12-23-24-35,1,27/03/2021
2-4-10-24-25-35,1,04/03/1995
2-36-37-38-43-44,1,23/12/1989
2-3-8-9-21-28,1,02/11/1996
2-3-7-22-35-45,1,13/05/2000
2-3-7-20-21-22,1,07/02/1998
2-3-7-15-16-26,1,03/09/1988
2-3-6-23-41-42,1,27/08/2022
2-3-6-22-23-33,1,23/12/1995
2-3-6-21-26-38,1,08/10/2016
2-3-5-9-25-43,1,30/06/2001
2-3-5-9-16-28,1,13/01/1996
2-5-11-21-30-32,1,26/12/2020
2-5-10-22-37-38,1,26/06/2010
2-4-9-26-31-41,1,08/05/2021
2-4-9-21-28-36,1,30/12/2006
2-4-8-31-32-44,1,24/04/2021
2-4-7-9-30-42,1,19/01/1991
2-4-7-19-25-27,1,13/12/1986
2-4-6-9-37-44,1,13/04/2013
2-4-6-36-37-38,1,28/10/1995
2-4-6-11-15-17,1,20/01/1990
2-4-5-17-31-36,1,22/01/2005
2-4-5-12-15-30,1,15/04/1989
2-4-25-26-28-31,1,09/08/1997
2-4-22-31-34-44,1,10/03/2018
2-4-18-21-38-40,1,16/12/1989
2-4-16-23-27-31,1,23/03/1991
2-5-7-20-25-30,1,19/07/2003
2-5-6-8-12-13,1,18/07/2009
2-5-6-20-22-40,1,27/08/1988
2-5-31-35-42-43,1,15/05/1999
2-5-23-32-40-43,1,02/11/2013
2-5-22-34-36-38,1,20/02/1993
2-5-22-25-37-43,1,16/07/1988
2-5-18-24-36-42,1,16/08/2008
2-5-18-20-27-37,1,07/02/2009
2-5-16-25-40-42,1,10/06/2006
2-5-15-16-28-37,1,17/10/1998
2-5-14-19-35-37,1,26/01/1991
2-5-13-29-35-45,1,06/12/1997
2-5-12-37-41-45,1,20/04/1991
2-5-12-16-26-37,1,03/06/1995
2-5-11-25-30-41,1,28/11/1998
2-6-18-19-32-45,1,20/06/1992
2-6-16-21-38-42,1,28/07/2007
2-6-15-25-29-30,1,07/12/1991
2-6-14-21-24-45,1,12/08/2006
2-6-13-14-25-32,1,10/10/2009
2-6-12-34-39-41,1,07/03/2009
2-6-12-18-44-45,1,05/11/2011
2-6-11-30-35-38,1,01/04/1989
2-6-11-15-31-34,1,12/01/2013
2-6-10-20-31-41,1,24/11/2007
2-6-10-12-13-33,1,24/02/2001
2-5-9-28-30-42,1,14/12/2002
2-5-9-16-23-31,1,30/07/2011
2-5-9-14-31-34,1,20/01/2018
2-5-8-15-19-23,1,17/06/1995
2-5-7-8-23-36,1,31/03/2007
2-7-14-26-37-40,1,25/11/2006
2-7-13-17-23-35,1,26/02/2000
2-7-12-29-30-31,1,21/10/2023
2-7-11-17-32-40,1,17/01/1998
2-7-10-13-23-24,1,17/10/2015
2-6-9-17-32-40,1,18/08/2007
2-6-8-9-24-33,1,28/10/1989
2-6-8-36-39-45,1,18/05/2019
2-6-8-23-28-40,1,06/08/2005
2-6-8-11-37-40,1,13/08/1988
2-6-7-8-18-21,1,19/03/2011
2-6-28-35-36-42,1,11/09/2004
2-6-27-35-41-44,1,28/02/1987
2-6-26-29-41-43,1,31/03/2012
2-6-24-25-33-42,1,27/06/1998
2-6-23-25-26-43,1,08/12/2018
2-8-12-18-30-42,1,20/07/2019
2-8-12-15-22-35,1,31/01/1987
2-8-11-31-32-45,1,10/09/2022
2-8-11-23-24-26,1,08/05/1999
2-8-11-21-27-41,1,03/08/2002
2-8-11-12-25-32,1,20/05/2023
2-8-10-21-28-45,1,12/10/2024
2-7-9-16-33-43,1,22/08/2020
2-7-8-12-22-36,1,15/10/2005
2-7-28-29-31-45,1,26/10/2019
2-7-27-37-38-39,1,14/05/2005
2-7-27-33-37-42,1,03/07/2021
2-7-17-26-27-38,1,16/10/2021
2-7-16-28-30-42,1,29/05/2021
2-7-16-23-27-44,1,10/02/2018
2-7-15-17-25-31,1,14/02/1998
2-9-10-13-16-25,1,29/09/2018
2-9-10-13-15-41,1,19/08/1995
2-9-10-11-22-37,1,05/02/2022
2-8-25-27-28-43,1,13/02/2016
2-8-22-24-36-42,1,20/05/2000
2-8-21-22-31-40,1,15/10/2016
2-8-18-33-35-41,1,25/04/1987
2-8-18-24-39-41,1,07/06/2003
2-8-18-22-23-41,1,19/05/1990
2-8-17-33-36-37,1,01/07/1989
2-8-17-23-25-33,1,11/05/2002
2-8-16-17-23-42,1,30/05/1998
2-8-15-17-28-29,1,10/05/1997
2-8-13-21-22-33,1,26/03/2022
2-8-13-17-30-35,1,06/05/2023
2-8-12-22-26-45,1,16/06/2018
20-21-26-32-41-43,1,10/03/2012
2-9-25-29-42-44,1,26/05/2007
2-9-23-39-42-45,1,22/08/1998
2-9-19-38-40-42,1,18/11/2000
2-9-19-29-30-40,1,29/06/1996
2-9-18-25-32-36,1,12/12/1998
2-9-17-30-33-39,1,29/12/2018
2-9-14-22-31-33,1,21/01/2012
2-9-14-21-26-41,1,16/02/1991
2-9-14-18-25-40,1,13/05/2006
2-9-13-23-26-36,1,14/11/2009
2-9-13-20-30-39,1,06/01/1990
2-9-13-18-26-44,1,03/12/2011
2-9-12-14-35-37,1,18/08/2001
2-9-11-22-24-43,1,26/01/2002
2-9-11-17-18-38,1,07/01/2023
21-22-24-37-38-43,1,18/11/2006
21-22-24-30-32-45,1,25/10/2008
20-29-34-36-38-40,1,10/08/1991
20-28-30-31-32-37,1,05/01/2013
20-27-33-34-38-41,1,29/10/1988
20-26-29-33-38-44,1,26/09/1998
20-26-29-31-33-40,1,27/02/2010
20-24-38-43-44-45,1,02/08/1997
20-24-38-40-42-43,1,18/12/1999
20-24-33-41-44-45,1,23/01/2016
20-24-29-30-31-45,1,29/04/2000
20-24-25-29-31-34,1,01/05/2010
20-22-27-32-37-40,1,09/02/1991
20-22-24-27-34-38,1,17/04/1999
20-22-24-26-35-45,1,03/12/1994
20-21-31-32-38-39,1,12/04/2008
22-26-38-40-43-44,1,07/07/1990
22-26-27-29-32-38,1,11/07/2020
22-23-32-35-39-44,1,07/12/2002
22-23-28-30-34-38,1,10/07/2021
22-23-25-35-39-42,1,22/05/1999
21-31-32-34-42-45,1,11/12/1993
21-27-29-31-37-40,1,28/07/2018
21-26-32-36-42-43,1,26/11/1988
21-25-28-33-38-43,1,15/08/1992
21-25-28-30-33-37,1,18/02/2017
21-24-34-39-42-43,1,23/02/2008
21-23-29-32-33-42,1,24/09/1994
21-22-35-40-42-45,1,28/08/2004
21-22-33-34-37-39,1,18/03/2000
21-22-29-38-40-44,1,11/12/2004
21-22-27-31-32-38,1,11/08/2012
25-30-36-40-44-45,1,25/11/1989
24-31-37-41-43-45,1,24/10/1998
24-29-30-31-37-38,1,01/01/1994
24-28-29-31-43-45,1,25/03/1995
24-27-30-37-43-45,1,30/11/2013
24-26-30-31-36-41,1,21/09/1996
24-25-30-38-43-44,1,16/06/1990
23-33-34-37-38-39,1,15/08/1987
23-32-36-38-41-42,1,14/08/2004
23-30-36-38-40-43,1,18/01/1992
23-28-32-33-35-39,1,15/12/2018
23-26-27-36-38-44,1,12/12/1987
23-26-27-30-31-41,1,09/08/2014
23-25-28-36-39-43,1,24/05/1997
23-24-29-39-40-41,1,18/04/2020
22-28-31-32-40-43,1,28/01/2012
3-10-18-19-22-27,1,06/06/2020
3-10-16-26-28-31,1,23/07/1988
3-10-16-24-25-28,1,05/02/1994
3-10-15-34-37-45,1,09/11/1991
3-10-12-24-34-35,1,18/01/2020
3-10-11-37-40-44,1,28/06/2008
3-10-11-17-32-44,1,03/03/2007
29-32-34-37-41-42,1,02/04/1988
29-30-36-37-42-45,1,10/06/1995
28-30-31-34-42-43,1,29/07/2017
27-32-33-37-40-45,1,30/07/2016
27-29-37-38-39-45,1,12/07/2008
26-33-35-40-41-45,1,19/11/1988
26-32-33-35-38-41,1,17/03/2018
26-31-32-36-40-45,1,30/03/2002
26-29-38-41-43-44,1,21/11/1987
3-11-17-25-27-33,1,31/08/1991
3-11-17-22-24-31,1,01/06/1991
3-11-16-17-28-38,1,24/11/2001
3-11-15-22-27-38,1,17/06/2006
3-11-14-22-32-40,1,07/05/1988
3-11-13-38-40-44,1,18/11/1995
3-11-13-29-38-42,1,18/07/2015
3-11-13-21-42-44,1,11/10/2014
3-11-12-32-37-39,1,07/01/1989
3-11-12-24-28-32,1,05/04/2003
3-11-12-13-32-34,1,16/07/2005
3-10-31-40-44-45,1,02/01/2016
3-10-27-32-34-36,1,23/04/2016
3-10-23-29-34-37,1,29/04/2017
3-10-21-27-29-36,1,22/03/2008
3-10-20-28-40-41,1,04/02/2012
3-12-26-31-35-36,1,13/04/1996
3-12-26-27-38-43,1,04/06/2016
3-12-19-23-24-30,1,02/06/2001
3-12-17-24-37-44,1,21/06/2008
3-12-16-18-34-37,1,31/01/2004
3-12-15-25-31-33,1,04/03/2000
3-12-14-19-23-28,1,05/02/2005
3-12-13-17-40-44,1,28/03/1992
3-11-31-35-41-44,1,08/03/2008
3-11-23-29-39-45,1,11/09/1993
3-11-21-24-29-38,1,03/10/2020
3-11-20-28-34-40,1,14/09/2013
3-11-19-33-38-42,1,15/01/2022
3-11-19-26-42-44,1,14/01/2006
3-11-19-22-23-29,1,03/02/2024
3-11-17-30-36-38,1,11/06/2011
3-14-15-19-25-44,1,16/05/2009
3-13-34-37-41-43,1,04/02/1989
3-13-24-38-39-42,1,29/11/2003
3-13-24-36-39-40,1,10/09/2005
3-13-21-31-34-39,1,23/07/1994
3-13-18-19-29-38,1,21/03/2009
3-13-17-32-38-44,1,25/04/2009
3-13-17-21-25-35,1,11/02/2012
3-13-14-32-37-38,1,18/02/2012
3-13-14-24-30-32,1,08/06/2024
3-13-14-18-30-45,1,15/08/1998
3-12-36-39-41-45,1,02/06/1990
3-12-31-35-39-45,1,24/08/2002
3-12-31-32-35-44,1,06/01/2018
3-12-29-30-31-38,1,29/02/2020
3-12-26-33-41-44,1,03/10/1987
3-17-18-19-23-36,1,15/04/2006
3-16-21-28-40-42,1,05/07/2003
3-16-18-32-39-42,1,03/10/2009
3-15-29-31-36-45,1,06/04/2002
3-15-26-32-40-44,1,15/04/2017
3-15-25-31-38-40,1,30/04/1994
3-15-24-35-41-42,1,12/01/2008
3-15-19-22-25-44,1,30/05/2020
3-15-18-19-25-37,1,09/12/1995
3-15-17-23-34-38,1,25/04/2020
3-15-17-21-34-43,1,22/01/2011
3-15-16-19-32-43,1,02/05/1992
3-14-33-42-44-45,1,01/07/2006
3-14-32-37-42-45,1,29/07/2023
3-14-19-26-29-31,1,08/05/2004
3-14-18-22-24-39,1,05/02/2000
3-20-24-32-38-40,1,23/07/2022
3-19-27-38-40-42,1,08/03/2014
3-19-26-37-39-45,1,02/07/2005
3-19-26-29-36-45,1,06/04/1991
3-19-24-35-40-45,1,07/08/2004
3-19-22-29-37-43,1,19/01/2008
3-18-41-42-43-45,1,11/02/2017
3-18-31-36-39-44,1,17/09/1988
3-18-20-24-26-34,1,05/01/2019
3-17-29-32-34-38,1,13/06/2020
3-17-29-31-32-35,1,05/05/2007
3-17-28-35-40-44,1,16/03/2024
3-17-26-32-33-40,1,18/10/2003
3-17-23-31-35-37,1,12/04/1997
3-17-20-24-27-29,1,08/01/2022
3-17-19-23-29-37,1,10/07/1999
3-4-12-14-20-29,1,04/08/2001
3-4-11-21-24-39,1,15/02/2020
3-4-11-13-41-45,1,09/04/2011
3-4-10-33-44-45,1,09/07/2005
3-28-37-40-41-44,1,13/12/1997
3-25-36-43-44-45,1,30/01/1999
3-24-26-30-32-39,1,20/08/2011
3-23-31-33-39-45,1,23/04/2022
3-23-30-31-38-45,1,24/10/2020
3-23-26-30-41-44,1,29/09/1990
3-22-34-35-39-40,1,19/08/2006
3-22-26-31-36-40,1,12/11/1988
3-22-26-27-29-30,1,22/12/2007
3-22-24-28-36-40,1,23/09/2000
3-21-25-36-43-45,1,31/05/2003
3-20-27-31-41-44,1,08/09/2001
3-5-13-27-29-35,1,28/09/1991
3-5-13-26-29-32,1,05/04/2008
3-5-12-16-27-30,1,17/02/2007
3-5-12-14-35-36,1,03/11/2018
3-5-11-27-42-45,1,27/03/1993
3-4-9-17-21-44,1,18/03/1995
3-4-8-34-35-44,1,14/06/2008
3-4-7-23-44-45,1,14/07/1990
3-4-7-13-22-26,1,22/02/1997
3-4-6-18-24-38,1,21/04/2007
3-4-5-7-31-38,1,10/05/2003
3-4-5-23-28-42,1,11/06/2005
3-4-5-12-28-31,1,25/08/2007
3-4-30-31-36-43,1,11/07/1998
3-4-15-20-26-44,1,06/07/2024
3-4-12-14-20-41,1,14/06/1997
3-5-9-26-35-41,1,20/02/2021
3-5-8-25-27-44,1,22/06/1996
3-5-8-16-26-31,1,21/06/2003
3-5-8-15-16-41,1,23/01/1999
3-5-8-14-30-34,1,18/04/2009
3-5-7-24-33-40,1,19/06/2004
3-5-6-9-16-18,1,04/04/1998
3-5-6-8-19-32,1,18/02/1995
3-5-28-32-38-44,1,03/08/2019
3-5-27-34-41-45,1,27/11/2021
3-5-23-41-42-45,1,27/07/1996
3-5-20-22-36-38,1,09/06/2001
3-5-18-24-25-42,1,20/11/1993
3-5-18-21-22-38,1,27/02/2016
3-5-18-19-21-35,1,15/11/1997
3-5-16-17-40-45,1,11/10/2003
3-6-7-21-22-43,1,03/10/2015
3-6-7-15-36-43,1,06/05/1995
3-6-32-34-36-41,1,21/01/1995
3-6-24-40-41-44,1,07/03/2015
3-6-19-24-26-41,1,13/03/1999
3-6-18-21-23-41,1,09/04/2016
3-6-15-20-30-31,1,30/01/2021
3-6-14-16-25-31,1,18/05/2013
3-6-12-28-41-42,1,25/06/1988
3-6-12-27-42-45,1,14/10/2006
3-6-12-19-20-24,1,06/11/1993
3-6-12-18-31-35,1,12/11/2022
3-6-12-13-14-17,1,21/02/1998
3-6-11-24-33-34,1,19/12/2015
3-6-10-34-37-40,1,13/10/2018
3-6-10-18-21-39,1,03/09/2022
3-7-22-31-42-43,1,09/04/1994
3-7-20-22-35-45,1,07/09/2002
3-7-18-22-32-39,1,10/09/1994
3-7-17-23-25-26,1,19/04/2014
3-7-16-32-37-38,1,31/03/2001
3-7-16-23-26-34,1,26/02/2022
3-7-16-18-24-43,1,03/10/1998
3-7-15-34-41-45,1,11/04/1998
3-7-15-19-38-41,1,29/01/1994
3-7-13-33-36-45,1,07/05/2005
3-7-13-21-24-30,1,11/04/2015
3-7-10-16-37-43,1,28/03/2020
3-7-10-11-21-32,1,08/04/2006
3-6-8-10-12-24,1,06/02/2021
3-6-7-9-23-43,1,21/07/2012
3-6-7-9-22-42,1,29/10/2022
3-8-19-26-29-43,1,06/07/2013
3-8-16-20-42-43,1,31/07/1993
3-8-15-16-23-25,1,03/01/1987
3-8-13-30-31-35,1,17/02/2018
3-8-13-18-34-36,1,11/03/1995
3-8-13-17-31-39,1,08/08/1987
3-8-10-20-36-42,1,30/04/2022
3-8-10-11-21-31,1,08/08/1992
3-8-10-11-21-25,1,20/10/1990
3-7-9-10-28-30,1,28/01/1989
3-7-8-23-25-34,1,07/10/2000
3-7-8-13-14-23,1,24/06/2006
3-7-28-33-34-40,1,07/03/2020
3-7-28-31-38-41,1,07/12/2013
3-7-25-32-40-42,1,22/10/1994
3-7-25-27-32-38,1,08/04/2017
3-9-11-27-37-43,1,22/02/1992
3-9-11-17-18-36,1,12/02/1994
3-8-9-36-38-41,1,06/11/2004
3-8-9-36-37-41,1,15/09/1990
3-8-9-24-31-39,1,23/01/1988
3-8-9-18-35-42,1,10/11/2001
3-8-9-14-34-35,1,23/06/1990
3-8-9-12-18-27,1,17/09/2016
3-8-28-36-37-41,1,17/12/2022
3-8-27-33-34-38,1,04/06/1988
3-8-26-27-36-42,1,02/07/1988
3-8-23-25-28-42,1,25/12/2004
3-8-22-24-37-45,1,31/10/1992
3-8-21-23-33-42,1,02/12/1989
3-8-19-41-42-43,1,25/02/1995
3-8-19-30-32-38,1,04/04/1992
4-10-12-28-36-45,1,27/12/1997
4-10-12-23-33-41,1,19/06/1999
4-10-12-20-27-44,1,07/10/1995
30-35-36-37-42-43,1,25/01/2014
3-9-33-34-39-41,1,12/10/2013
3-9-23-32-33-37,1,04/09/2004
3-9-23-30-39-45,1,19/08/2017
3-9-20-31-40-45,1,05/07/2008
3-9-20-29-36-44,1,17/01/1987
3-9-20-28-29-32,1,10/12/1988
3-9-19-21-29-42,1,07/12/1996
3-9-17-22-23-37,1,09/09/2006
3-9-14-24-40-42,1,02/08/2008
3-9-13-19-24-28,1,14/08/2021
3-9-12-15-20-38,1,29/11/1997
3-9-11-29-30-34,1,28/08/2010
4-11-13-14-17-32,1,21/10/1995
4-11-12-22-29-38,1,25/12/2010
4-11-12-19-35-37,1,19/09/1998
4-11-12-18-19-23,1,23/04/1988
4-10-37-38-42-45,1,10/08/2024
4-10-26-35-36-39,1,17/07/2004
4-10-25-35-36-45,1,19/12/1992
4-10-25-32-39-45,1,11/06/2016
4-10-21-30-41-42,1,17/03/2012
4-10-18-34-43-44,1,22/01/1994
4-10-18-22-31-45,1,14/05/2011
4-10-18-21-35-39,1,18/09/1993
4-10-17-27-34-43,1,06/09/2014
4-10-15-19-24-34,1,18/06/1988
4-10-13-21-33-34,1,14/05/2016
4-10-13-19-30-40,1,12/02/2005
4-12-14-29-40-44,1,20/12/1997
4-12-14-17-22-33,1,16/01/2021
4-12-13-16-33-42,1,13/01/2007
4-12-13-15-29-45,1,25/02/2023
4-11-26-29-33-34,1,11/09/1999
4-11-23-30-34-43,1,01/02/1992
4-11-20-27-37-45,1,27/07/2024
4-11-18-20-22-41,1,28/09/2019
4-11-17-41-43-45,1,07/04/2007
4-11-17-19-23-36,1,05/12/1992
4-11-16-18-31-40,1,31/12/2016
4-11-16-17-19-26,1,16/05/2020
4-11-15-31-38-42,1,22/07/1989
4-11-15-21-26-45,1,13/07/1991
4-11-14-24-27-31,1,23/11/1996
4-11-14-16-19-25,1,19/01/2013
4-13-18-27-30-36,1,22/08/2015
4-13-17-21-38-40,1,12/03/2011
4-13-16-22-26-45,1,28/08/1999
4-13-16-21-29-45,1,23/09/2023
4-13-16-19-34-41,1,23/02/2002
4-13-16-19-20-23,1,02/02/1991
4-13-14-21-28-32,1,14/12/1996
4-12-27-28-29-30,1,15/11/1986
4-12-21-27-33-34,1,28/09/1996
4-12-20-33-34-36,1,05/10/2019
4-12-19-24-35-40,1,26/01/2008
4-12-18-28-30-36,1,13/11/2004
4-12-18-19-29-33,1,22/03/2014
4-12-17-19-24-32,1,01/09/1990
4-12-17-18-19-26,1,16/09/1995
4-12-16-28-32-35,1,01/06/1996
4-15-20-24-31-42,1,11/02/1995
4-15-19-30-33-38,1,25/11/2000
4-15-18-34-35-36,1,28/10/2006
4-15-16-25-29-36,1,08/10/1994
4-15-16-18-35-45,1,29/04/2023
4-14-29-32-36-41,1,12/10/1996
4-14-25-35-41-43,1,31/07/2010
4-14-19-25-28-38,1,24/08/1996
4-14-17-20-31-38,1,23/10/2004
4-14-16-18-28-44,1,17/11/2001
4-14-16-18-26-27,1,18/04/2015
4-13-33-35-39-45,1,01/03/2014
4-13-27-29-31-32,1,09/05/2015
4-13-25-26-42-44,1,18/12/2010
4-13-20-30-34-36,1,01/08/1992
4-13-19-26-27-34,1,31/10/2020
4-20-26-31-35-43,1,28/04/1990
4-19-31-33-34-36,1,21/03/1992
4-19-28-33-36-39,1,07/11/1998
4-19-24-25-27-34,1,10/01/2015
4-18-21-30-32-33,1,22/10/1988
4-18-21-24-28-41,1,06/03/2010
4-18-19-29-37-42,1,12/03/1994
4-17-21-27-28-30,1,25/08/2012
4-17-21-26-32-40,1,13/04/2002
4-16-26-29-30-32,1,30/10/2021
4-16-23-31-39-43,1,15/04/2023
4-16-22-34-36-38,1,04/02/2017
4-16-19-23-28-44,1,21/11/2009
4-16-17-27-41-42,1,07/11/1987
4-15-23-27-32-33,1,03/04/1999
4-15-20-31-32-35,1,09/12/1989
4-5-10-17-22-40,1,12/11/2011
4-30-34-35-38-41,1,26/04/2008
4-29-35-37-40-41,1,12/03/2022
4-29-33-40-41-43,1,30/03/2013
4-29-32-34-38-41,1,22/04/2023
4-28-37-41-42-45,1,27/04/1991
4-28-29-33-37-40,1,13/12/2003
4-26-33-39-40-43,1,06/02/2016
4-25-26-31-32-33,1,21/02/2004
4-24-30-33-36-44,1,30/03/1996
4-24-25-29-32-43,1,16/03/2013
4-23-30-35-36-43,1,29/08/2009
4-22-24-28-29-33,1,22/05/2004
4-21-30-35-42-43,1,12/09/2009
4-21-27-31-40-43,1,16/08/2003
4-21-22-24-25-26,1,06/01/2007
4-5-6-9-17-30,1,08/11/1997
4-5-6-13-22-44,1,04/07/1992
4-5-28-31-37-45,1,21/04/2001
4-5-20-24-25-33,1,20/01/2007
4-5-19-33-37-42,1,16/07/1994
4-5-18-38-42-43,1,16/12/2000
4-5-17-18-29-36,1,10/03/2001
4-5-16-29-32-44,1,19/09/2015
4-5-16-18-22-27,1,19/12/1998
4-5-15-18-30-34,1,31/01/2009
4-5-14-19-26-39,1,19/06/1993
4-5-13-18-25-34,1,27/08/2016
4-5-12-23-31-33,1,28/04/2012
4-5-12-18-20-25,1,24/04/2010
4-5-11-12-14-31,1,03/03/2012
4-5-10-19-28-32,1,07/02/2004
4-6-19-21-35-36,1,22/03/1997
4-6-18-31-36-44,1,25/11/2017
4-6-17-31-38-39,1,07/11/2015
4-6-17-20-21-38,1,03/12/2005
4-6-16-26-42-45,1,25/12/1993
4-6-15-20-32-39,1,31/08/2024
4-6-13-15-18-35,1,15/05/2010
4-6-12-22-29-43,1,10/06/2000
4-6-12-13-25-32,1,23/05/1987
4-5-9-24-34-39,1,24/12/2016
4-5-8-9-37-43,1,17/07/1999
4-5-8-15-16-28,1,10/11/1990
4-5-8-13-24-35,1,24/09/2005
4-5-8-10-22-39,1,01/07/2000
4-5-7-15-35-38,1,08/09/2012
4-5-7-12-24-36,1,28/04/2001
4-7-13-21-29-38,1,05/01/2008
4-7-12-16-17-37,1,22/04/1989
4-7-11-20-29-32,1,23/05/1998
4-7-10-20-27-40,1,26/03/1994
4-7-10-17-28-31,1,25/06/2016
4-7-10-15-22-32,1,23/07/2016
4-6-9-27-39-43,1,06/08/2011
4-6-9-11-13-40,1,08/04/2023
4-6-8-9-13-21,1,12/06/2004
4-6-8-12-17-18,1,16/04/1988
4-6-7-35-38-41,1,19/02/2005
4-6-7-27-31-45,1,30/10/2010
4-6-7-25-29-42,1,12/09/1987
4-6-7-14-31-45,1,13/05/1995
4-6-24-35-42-45,1,27/02/2021
4-6-21-23-28-43,1,11/03/2006
4-8-12-18-26-43,1,23/04/1994
4-8-10-12-38-39,1,06/04/2019
4-8-10-12-15-39,1,03/12/2022
4-7-9-21-23-25,1,17/09/2022
4-7-9-15-27-43,1,20/01/2001
4-7-8-31-32-36,1,12/04/2003
4-7-8-24-32-39,1,24/12/2022
4-7-8-10-21-25,1,31/12/2004
4-7-19-22-25-28,1,20/09/2008
4-7-19-20-21-22,1,11/02/2023
4-7-18-27-33-37,1,10/01/2004
4-7-17-23-33-37,1,11/04/1987
4-7-17-22-26-30,1,04/11/2017
4-7-15-27-43-45,1,03/11/2001
4-7-13-34-39-43,1,15/01/1994
4-7-13-22-29-42,1,10/04/2004
4-9-27-37-42-45,1,17/01/2009
4-9-15-21-24-43,1,08/06/1991
4-9-14-22-42-45,1,14/12/2013
4-9-13-37-42-43,1,15/11/2014
4-9-12-23-34-38,1,09/10/1993
4-9-12-16-27-41,1,26/11/1994
4-9-10-26-38-44,1,12/02/2011
4-9-10-11-32-33,1,24/08/2019
4-9-10-11-21-28,1,27/09/2008
4-8-9-12-19-27,1,23/09/1995
4-8-21-29-30-37,1,24/06/2023
4-8-18-20-34-43,1,03/02/1990
4-8-16-32-33-34,1,27/08/2011
4-8-16-18-22-42,1,06/10/2001
4-8-14-16-35-45,1,01/04/2006
4-8-13-27-28-42,1,19/07/2014
5-11-12-29-41-44,1,10/02/2001
5-11-12-22-28-36,1,07/08/2021
5-10-38-39-40-43,1,02/03/2019
5-10-30-32-34-42,1,12/08/2023
5-10-25-36-39-45,1,01/04/2023
5-10-21-22-25-27,1,26/12/1987
5-10-20-29-41-45,1,16/09/2017
5-10-17-29-30-37,1,12/05/1990
5-10-16-22-31-33,1,06/10/1990
5-10-14-16-36-43,1,01/09/2018
5-10-13-25-32-37,1,23/04/2011
5-10-11-34-35-36,1,14/04/1990
5-10-11-24-39-41,1,21/02/2015
5-10-11-14-26-27,1,11/04/2020
5-10-11-12-29-41,1,22/06/2019
4-9-28-32-35-39,1,07/02/1987
5-12-16-20-31-41,1,02/07/2016
5-12-14-26-29-42,1,04/05/2024
5-12-13-17-22-26,1,26/09/2015
5-11-29-31-32-42,1,06/09/2008
5-11-26-33-39-45,1,31/12/1999
5-11-21-23-30-35,1,01/11/2008
5-11-19-30-42-45,1,05/02/2011
5-11-16-22-25-27,1,10/02/2007
5-11-15-36-42-44,1,11/09/2010
5-11-15-23-35-45,1,12/01/2019
5-11-15-19-20-28,1,06/09/2003
5-11-15-18-43-45,1,08/09/1990
5-11-15-18-36-42,1,11/06/1988
5-11-15-16-20-37,1,13/10/2001
5-11-13-16-25-29,1,19/06/2010
5-11-13-14-37-39,1,21/05/2016
5-14-16-25-35-38,1,25/07/2009
5-14-16-24-29-41,1,09/01/1999
5-14-16-21-36-45,1,13/07/1996
5-14-15-38-42-45,1,20/10/2018
5-13-28-33-41-44,1,25/01/1992
5-13-27-31-37-42,1,05/09/2015
5-13-25-37-40-44,1,29/08/1998
5-13-24-26-28-41,1,05/06/2010
5-13-24-25-27-39,1,27/08/2005
5-13-21-31-38-45,1,03/12/1988
5-13-17-33-38-44,1,17/04/2021
5-13-15-28-37-45,1,12/06/2021
5-13-15-16-20-26,1,24/04/1999
5-12-24-26-34-37,1,10/10/2020
5-12-21-36-40-41,1,30/10/2004
5-12-16-33-34-42,1,02/01/2010
5-17-31-36-43-45,1,22/06/2002
5-17-22-28-38-42,1,17/05/2003
5-17-22-26-30-42,1,20/02/2016
5-17-19-20-38-40,1,20/10/2007
5-16-24-27-28-40,1,01/08/2009
5-16-18-22-36-41,1,13/07/2019
5-15-21-27-37-43,1,04/02/2006
5-15-20-36-39-45,1,25/04/1998
5-15-18-29-31-35,1,25/08/2018
5-15-18-19-21-30,1,01/03/2008
5-15-16-19-20-41,1,15/05/2021
5-14-27-29-39-44,1,20/07/1996
5-14-22-32-35-40,1,20/04/2002
5-14-21-33-35-42,1,29/06/2019
5-14-20-22-30-40,1,03/02/2001
5-14-18-22-31-42,1,01/05/2021
5-22-27-33-34-35,1,08/01/1994
5-21-22-28-39-42,1,01/06/2024
5-21-22-25-27-38,1,28/03/2009
5-20-27-31-37-42,1,19/10/2013
5-20-25-33-40-43,1,30/08/2003
5-20-25-33-34-36,1,10/12/2016
5-20-25-28-29-45,1,30/01/2016
5-20-23-24-26-30,1,30/10/1993
5-19-28-29-39-41,1,10/08/2002
5-19-25-30-33-34,1,17/06/2017
5-19-21-31-41-45,1,16/03/1991
5-19-20-22-29-39,1,02/10/1999
5-18-29-31-44-45,1,02/02/2013
5-18-28-35-41-44,1,02/01/1999
5-18-22-26-31-37,1,17/02/1996
5-18-19-23-33-43,1,19/02/2000
5-6-10-28-32-40,1,04/01/2014
5-6-10-16-36-42,1,21/08/2004
5-36-37-40-41-43,1,26/10/1991
5-33-38-39-40-42,1,13/08/2005
5-31-33-34-35-42,1,06/09/1997
5-30-32-41-42-45,1,13/03/1993
5-29-34-35-36-39,1,04/05/1996
5-28-35-39-40-41,1,07/08/2010
5-27-33-35-42-45,1,17/08/2013
5-27-29-31-33-36,1,16/11/1991
5-26-29-34-37-41,1,08/07/2023
5-25-27-33-34-42,1,04/06/1994
5-25-27-28-29-43,1,28/11/1992
5-24-31-36-40-44,1,10/01/1987
5-24-25-27-31-38,1,01/12/2018
5-24-25-26-37-45,1,17/02/2001
5-6-7-29-34-43,1,21/12/2002
5-6-7-22-26-34,1,10/09/1988
5-6-7-19-21-26,1,21/09/2002
5-6-7-18-21-25,1,03/02/2007
5-6-29-30-31-43,1,07/06/1997
5-6-25-33-34-44,1,27/10/2012
5-6-22-32-36-43,1,17/04/2010
5-6-20-23-25-35,1,17/11/2007
5-6-20-23-24-26,1,14/02/2009
5-6-19-23-35-38,1,08/01/2011
5-6-17-22-39-40,1,08/01/2000
5-6-16-22-24-36,1,10/11/2007
5-6-15-18-36-43,1,18/09/2021
5-6-14-36-37-45,1,06/04/2024
5-6-13-23-30-35,1,06/11/1999
5-6-12-26-29-33,1,24/11/1990
5-7-18-34-35-42,1,25/01/2003
5-7-18-21-22-29,1,01/12/2001
5-7-17-22-27-44,1,05/04/1997
5-7-16-26-27-37,1,29/07/2006
5-7-14-20-31-39,1,05/07/2014
5-7-14-16-17-44,1,02/01/2021
5-7-13-20-21-42,1,18/03/1989
5-7-13-17-34-40,1,20/08/1994
5-7-12-28-40-45,1,26/07/2014
5-7-12-28-39-40,1,09/05/1998
5-7-12-22-29-38,1,04/07/1998
5-7-12-20-29-42,1,25/04/2015
5-7-11-12-24-40,1,15/10/2022
5-7-10-26-29-32,1,06/12/1986
5-7-10-14-34-41,1,24/09/2022
5-6-8-21-22-27,1,25/05/2002
5-8-16-22-39-40,1,13/10/1990
5-8-15-32-36-39,1,16/11/2013
5-8-15-18-19-30,1,02/03/2024
5-8-15-17-32-44,1,03/02/1996
5-8-13-24-29-36,1,27/01/2024
5-8-13-20-32-37,1,20/03/2004
5-8-12-14-16-38,1,17/10/2020
5-8-11-20-29-33,1,17/11/2012
5-7-9-16-20-41,1,15/12/2012
5-7-9-13-18-27,1,10/09/2016
5-7-9-12-19-30,1,05/07/1997
5-7-8-9-27-34,1,18/10/2014
5-7-8-13-39-45,1,09/01/1988
5-7-25-26-33-45,1,26/05/2001
5-7-21-25-26-42,1,22/01/2000
5-7-20-30-31-39,1,23/11/2013
5-9-20-23-26-35,1,24/12/2005
5-9-19-24-27-35,1,25/09/1999
5-9-18-22-26-37,1,03/01/2004
5-9-17-24-32-43,1,26/03/2016
5-9-16-32-42-44,1,25/07/1998
5-9-15-24-30-44,1,09/07/1988
5-9-14-29-41-43,1,22/12/2018
5-9-14-27-37-40,1,13/07/2013
5-9-13-23-38-41,1,21/05/2022
5-8-9-10-17-22,1,01/08/1998
5-8-42-43-44-45,1,24/08/2024
5-8-26-27-31-33,1,30/03/2019
5-8-21-22-32-41,1,25/02/2006
5-8-19-21-22-31,1,19/10/2002
5-8-18-29-30-33,1,30/12/1989
5-8-17-29-32-40,1,29/03/2008
6-10-15-16-17-29,1,01/08/2015
6-10-14-25-28-45,1,29/03/2003
6-10-14-23-34-36,1,13/10/2007
6-10-14-18-28-40,1,15/02/1992
6-10-14-17-39-40,1,02/07/2011
6-10-14-17-23-45,1,25/06/1994
6-10-12-23-38-44,1,20/05/1989
6-10-12-21-27-43,1,22/09/1990
6-10-11-16-26-33,1,30/06/2007
6-10-11-15-29-33,1,20/05/2017
6-10-11-15-28-39,1,17/05/2008
5-9-25-34-35-36,1,26/12/2015
5-9-23-30-33-37,1,05/06/1999
5-9-23-27-35-43,1,11/11/1995
5-9-22-37-44-45,1,21/07/1990
5-9-20-29-33-37,1,11/07/2009
6-11-16-17-21-44,1,13/12/2014
6-11-15-21-32-36,1,08/07/2006
6-11-13-21-24-43,1,05/08/2000
6-11-12-32-40-45,1,14/07/2018
6-11-12-24-26-36,1,17/12/2011
6-11-12-13-21-32,1,17/06/2000
6-10-26-35-39-43,1,15/03/2008
6-10-25-28-35-38,1,02/09/2000
6-10-24-37-41-44,1,11/02/1989
6-10-21-28-37-42,1,14/11/2015
6-10-20-31-38-44,1,06/01/2001
6-10-19-28-37-40,1,28/01/2017
6-10-18-32-33-37,1,26/08/2023
6-10-18-21-22-43,1,20/05/1995
6-10-18-20-26-42,1,31/08/1996
6-10-18-19-32-36,1,01/07/2017
6-12-25-36-39-43,1,26/01/2013
6-12-23-38-41-42,1,17/10/1992
6-12-23-26-28-36,1,15/08/2015
6-12-18-24-34-45,1,17/08/1991
6-12-18-20-27-45,1,18/07/1998
6-12-16-23-26-30,1,12/07/2003
6-12-15-30-32-33,1,15/01/2000
6-12-15-25-34-45,1,28/05/2005
6-12-15-19-23-31,1,06/08/2016
6-12-14-31-38-40,1,28/12/1991
6-12-14-17-31-38,1,12/05/2018
6-12-14-16-32-35,1,30/01/1993
6-12-13-34-38-41,1,23/09/2006
6-11-24-37-40-42,1,08/11/2003
6-11-24-36-40-44,1,22/04/1995
6-11-20-31-35-44,1,26/09/1987
6-15-17-21-22-42,1,08/02/2014
6-14-33-42-43-44,1,27/05/2000
6-14-22-32-34-38,1,14/09/2024
6-14-22-27-35-43,1,24/07/1993
6-14-22-26-35-37,1,01/10/2016
6-14-22-24-35-44,1,10/12/2022
6-14-21-30-35-41,1,31/12/1994
6-14-17-22-23-34,1,01/06/2002
6-14-16-26-33-45,1,20/08/1988
6-13-18-25-34-39,1,14/10/2017
6-13-16-34-36-38,1,29/05/2004
6-13-16-33-36-41,1,08/12/2012
6-13-16-24-30-33,1,24/07/2010
6-13-15-18-27-45,1,13/03/2004
6-12-27-35-37-39,1,11/12/2021
6-12-27-32-34-37,1,25/06/2005
6-18-30-37-43-44,1,29/11/2008
6-18-27-32-33-45,1,05/12/1998
6-18-22-33-38-45,1,06/10/2007
6-18-19-30-43-44,1,21/03/1998
6-18-19-26-30-31,1,17/11/2018
6-17-20-26-38-41,1,14/03/2009
6-17-19-26-37-38,1,18/08/2018
6-17-18-31-36-43,1,02/06/2012
6-16-34-35-37-42,1,20/08/2022
6-16-24-26-36-41,1,27/12/2008
6-16-19-25-43-44,1,20/04/2024
6-16-18-20-25-36,1,25/06/2022
6-15-23-26-27-45,1,14/11/2020
6-15-22-33-35-45,1,15/10/1988
6-15-18-26-40-45,1,30/12/1995
6-15-18-23-35-43,1,02/05/2015
6-22-30-32-39-45,1,03/04/2004
6-22-26-27-30-36,1,04/01/1997
6-22-23-24-33-36,1,13/05/2023
6-21-24-29-32-42,1,21/09/2024
6-21-22-29-40-41,1,21/05/2005
6-20-27-29-43-45,1,30/09/2023
6-20-24-35-39-42,1,13/01/2001
6-20-22-29-32-44,1,04/10/2014
6-19-34-35-40-43,1,21/08/2021
6-19-31-34-36-38,1,21/07/2001
6-19-26-28-40-42,1,18/11/2017
6-19-23-24-28-35,1,17/08/2019
6-19-21-30-31-42,1,25/12/2021
6-19-21-25-28-32,1,18/12/1993
6-19-21-23-31-35,1,21/08/1993
6-19-20-23-44-45,1,19/02/1994
6-7-19-20-35-42,1,18/01/2003
6-7-17-24-31-38,1,12/03/2005
6-7-17-19-20-23,1,14/04/2001
6-7-14-15-34-43,1,09/04/2005
6-7-12-21-39-44,1,26/06/2004
6-7-11-13-17-45,1,07/05/2022
6-7-10-18-24-34,1,05/06/1993
6-28-29-33-36-40,1,25/09/2021
6-27-28-32-39-40,1,15/02/2014
6-26-33-34-40-45,1,30/05/2009
6-25-27-29-38-41,1,27/07/2013
6-25-26-37-44-45,1,14/11/1998
6-24-30-31-33-36,1,21/12/1991
6-24-29-30-37-44,1,31/10/2009
6-23-30-37-43-44,1,09/07/2022
6-22-32-33-36-37,1,11/11/2006
6-8-16-17-27-33,1,12/10/2019
6-8-14-15-19-44,1,30/04/1988
6-8-13-40-44-45,1,23/09/2017
6-8-13-29-34-39,1,23/02/2013
6-8-11-21-39-44,1,20/07/2002
6-8-11-21-27-31,1,05/10/2013
6-8-10-13-25-38,1,08/07/2000
6-7-9-13-23-27,1,22/05/2021
6-7-9-12-32-45,1,31/05/2008
6-7-8-17-23-35,1,07/04/2018
6-7-8-11-31-40,1,12/12/2015
6-7-8-11-21-29,1,28/05/1988
6-7-25-33-35-45,1,26/08/2006
6-7-22-29-33-43,1,06/01/1996
6-7-20-23-28-29,1,14/10/1989
6-7-19-21-26-38,1,01/07/2023
6-9-23-31-36-44,1,26/12/1992
6-9-21-33-39-42,1,19/05/2018
6-9-20-25-27-31,1,01/06/2019
6-9-16-32-37-44,1,25/07/2020
6-9-12-17-22-32,1,20/11/2004
6-9-11-24-28-42,1,26/12/2009
6-9-10-11-35-37,1,21/11/2015
6-9-10-11-16-42,1,17/01/2004
6-8-9-19-21-41,1,20/12/2014
6-8-9-12-21-44,1,12/11/1994
6-8-32-34-36-41,1,13/02/1993
6-8-27-31-32-38,1,25/10/2003
6-8-24-26-36-37,1,12/07/1997
6-8-18-25-27-37,1,23/05/2009
6-8-18-20-36-45,1,09/01/2010
6-8-17-27-33-45,1,24/08/1991
7-10-22-25-26-36,1,09/06/2018
7-10-21-24-28-33,1,25/03/1989
7-10-20-24-29-37,1,24/11/2018
7-10-16-20-22-42,1,06/08/1988
7-10-16-17-26-28,1,21/05/1988
7-10-13-32-33-45,1,27/01/1990
7-10-12-28-44-45,1,09/03/2013
7-10-12-26-30-36,1,02/08/2014
7-10-12-18-31-39,1,10/03/2007
7-10-12-17-28-44,1,22/11/1997
7-10-11-23-24-38,1,14/10/2023
7-10-11-21-34-40,1,13/12/2008
7-10-11-16-32-33,1,31/10/1987
7-10-11-14-37-39,1,24/09/2011
6-9-27-30-35-37,1,30/12/2017
6-9-27-28-39-43,1,01/07/1995
7-12-15-16-26-38,1,17/05/1997
7-12-13-15-29-31,1,16/04/1994
7-12-13-15-27-33,1,17/04/2004
7-11-32-37-38-40,1,22/08/2009
7-11-29-32-36-41,1,26/04/1997
7-11-26-34-35-45,1,16/04/2005
7-11-22-25-28-34,1,17/02/2024
7-11-21-32-40-45,1,13/06/1987
7-11-17-26-27-32,1,13/11/1993
7-11-14-25-31-32,1,08/11/2008
7-11-14-16-26-45,1,12/08/2017
7-11-13-28-29-34,1,21/11/1992
7-11-12-23-29-36,1,02/04/2016
7-11-12-22-24-29,1,23/08/1997
7-11-12-18-19-20,1,12/11/2005
7-10-28-34-41-44,1,20/04/2013
7-14-16-33-38-43,1,18/07/1992
7-14-16-22-23-39,1,09/09/1995
7-14-16-18-29-31,1,15/05/1993
7-14-15-25-35-37,1,29/12/2012
7-14-15-17-36-41,1,31/08/2019
7-13-25-27-32-35,1,27/05/1989
7-13-21-24-25-34,1,06/06/1998
7-13-19-22-29-45,1,29/01/2000
7-13-15-28-29-35,1,10/04/1993
7-13-15-26-42-44,1,27/04/1996
7-13-15-18-31-34,1,07/10/2017
7-13-15-16-20-38,1,07/09/2024
7-13-14-17-22-25,1,30/06/1990
7-12-29-31-33-37,1,09/01/1993
7-12-23-27-30-41,1,18/11/1989
7-12-20-31-38-43,1,03/11/2012
7-17-20-23-27-42,1,13/07/2002
7-16-20-33-39-43,1,27/12/2014
7-16-19-33-40-41,1,06/05/2000
7-16-19-30-41-43,1,11/04/1992
7-16-19-22-23-34,1,22/09/2007
7-15-31-32-38-43,1,30/05/1987
7-15-19-21-25-41,1,22/11/1986
7-15-18-25-34-42,1,29/09/2007
7-15-16-21-22-27,1,22/03/2003
7-14-28-32-33-34,1,10/10/1992
7-14-25-30-37-45,1,23/11/2019
7-14-23-28-34-41,1,28/07/2001
7-14-23-27-38-40,1,11/01/2014
7-14-19-34-36-45,1,20/09/2003
7-14-18-28-31-41,1,14/10/1995
7-14-17-19-24-37,1,02/06/2018
7-21-22-34-37-38,1,23/11/2002
7-20-27-38-39-41,1,14/09/2019
7-19-28-29-43-45,1,22/10/2011
7-19-26-35-41-42,1,30/09/2006
7-19-26-27-31-40,1,31/01/1998
7-19-21-25-38-42,1,20/11/2010
7-19-20-22-40-41,1,07/01/2017
7-18-31-35-40-44,1,18/09/2010
7-18-26-33-37-43,1,02/08/2003
7-18-26-27-34-43,1,30/12/2000
7-18-22-37-38-39,1,08/10/2011
7-18-22-24-41-43,1,03/05/2008
7-17-28-35-42-45,1,20/01/1996
7-17-24-31-42-43,1,13/03/2010
7-17-21-24-35-41,1,22/10/2022
7-17-20-23-41-42,1,28/01/1995
7-8-11-22-29-35,1,07/11/1992
7-8-11-16-23-42,1,23/07/2005
7-8-10-25-28-42,1,08/06/2013
7-8-10-16-17-36,1,16/05/1998
7-33-34-35-42-44,1,10/02/1996
7-31-34-39-41-43,1,13/09/1997
7-31-32-39-40-44,1,26/10/2002
7-27-31-33-34-39,1,27/03/1999
7-26-29-31-33-38,1,18/04/1987
7-24-27-30-39-44,1,28/01/2023
7-23-28-32-36-40,1,03/09/2016
7-22-32-33-40-43,1,09/10/2004
7-22-29-33-36-44,1,25/02/2017
7-22-23-35-37-45,1,29/08/1987
7-21-34-39-42-43,1,08/05/2010
7-21-22-35-38-39,1,09/05/2020
7-8-28-33-38-41,1,31/12/2011
7-8-23-24-27-33,1,04/05/2019
7-8-22-28-34-37,1,27/05/2023
7-8-20-25-28-36,1,24/01/1998
7-8-20-22-26-42,1,10/04/2021
7-8-19-28-43-45,1,11/05/1991
7-8-18-30-31-33,1,08/06/2002
7-8-17-27-37-45,1,14/02/2004
7-8-16-17-27-40,1,22/05/2010
7-8-15-30-41-44,1,04/09/1993
7-8-15-16-26-31,1,18/11/2023
7-8-15-16-25-36,1,22/07/2000
7-8-13-23-28-40,1,23/08/2008
7-8-13-20-23-32,1,25/07/2015
7-8-13-18-25-43,1,14/04/2012
7-8-13-17-23-25,1,04/06/2022
8-10-11-25-33-42,1,03/10/1992
8-10-11-15-26-45,1,19/01/2019
7-9-23-24-35-44,1,05/01/2002
7-9-20-22-34-45,1,09/01/2021
7-9-17-26-42-43,1,14/03/2015
7-9-16-22-34-36,1,06/07/1991
7-9-15-18-26-31,1,27/09/2003
7-9-14-20-35-41,1,10/10/1987
7-9-12-23-37-44,1,22/05/1993
7-9-12-17-19-25,1,16/10/1993
7-9-12-15-27-40,1,05/05/2012
7-9-11-20-33-40,1,11/03/1989
7-9-11-20-28-36,1,07/03/1987
7-9-11-14-15-29,1,09/09/2023
7-9-10-17-18-38,1,14/04/2018
7-8-9-21-31-41,1,16/06/2007
8-11-16-24-30-34,1,18/02/2023
8-11-15-23-38-41,1,24/03/2007
8-11-15-16-23-29,1,22/02/2020
8-11-14-17-18-44,1,09/06/2007
8-11-13-21-23-34,1,23/12/2017
8-10-37-38-39-44,1,20/05/2006
8-10-22-35-36-38,1,25/05/2024
8-10-22-27-39-44,1,20/06/2015
8-10-19-33-37-40,1,25/02/1989
8-10-19-21-27-45,1,23/12/2000
8-10-17-23-26-34,1,11/09/2021
8-10-16-28-34-38,1,26/06/1999
8-10-16-24-28-31,1,19/03/2016
8-10-14-29-35-38,1,21/03/1987
8-10-13-17-26-33,1,21/02/2009
8-10-12-21-37-42,1,17/09/2011
8-12-26-33-37-38,1,15/10/1994
8-12-21-25-27-33,1,04/08/2007
8-12-19-27-33-38,1,26/09/1992
8-12-18-30-39-41,1,06/02/1999
8-12-18-21-24-30,1,15/10/2011
8-12-17-21-36-39,1,17/09/2005
8-12-17-21-26-42,1,30/07/2022
8-12-16-33-38-40,1,16/05/1987
8-12-16-19-22-42,1,10/01/2009
8-12-15-25-26-45,1,22/02/2014
8-12-14-28-32-36,1,07/01/2006
8-12-13-31-37-40,1,03/03/2001
8-12-13-17-39-41,1,16/12/2023
8-11-23-25-27-42,1,06/02/2010
8-11-19-23-35-37,1,16/07/2022
8-11-17-31-36-43,1,28/08/1993
8-14-22-24-25-30,1,26/07/2008
8-14-19-26-28-39,1,09/03/1991
8-14-17-30-31-34,1,25/03/2006
8-14-17-20-37-39,1,04/09/1999
8-14-16-23-25-44,1,02/12/2017
8-14-16-19-33-34,1,15/04/1995
8-14-15-20-32-43,1,31/12/2021
8-13-27-40-41-42,1,14/03/2020
8-13-24-28-32-38,1,12/10/1991
8-13-20-26-36-42,1,23/08/2003
8-13-16-17-25-28,1,13/01/1990
8-13-15-22-33-34,1,13/08/2011
8-13-15-19-27-43,1,21/05/2011
8-13-15-18-29-38,1,23/01/2010
8-13-15-17-18-29,1,17/02/1990
8-13-14-22-24-31,1,09/05/2009
8-18-19-29-34-45,1,13/05/1989
8-18-19-25-26-29,1,29/11/1986
8-17-18-29-36-42,1,17/12/2016
8-16-23-34-42-45,1,20/08/2016
8-16-23-28-32-45,1,14/09/1996
8-16-20-28-30-34,1,01/12/1990
8-16-18-21-35-38,1,01/04/1995
8-16-17-18-22-44,1,10/06/1989
8-15-29-32-35-39,1,13/09/2003
8-15-28-34-39-40,1,19/10/1991
8-15-25-34-37-39,1,01/02/1997
8-15-25-30-31-44,1,04/07/2015
8-15-23-28-34-42,1,16/12/1995
8-15-23-27-43-44,1,31/03/2018
8-15-18-33-40-43,1,27/04/2013
8-15-18-27-32-35,1,16/08/1997
8-27-28-34-37-42,1,30/10/1999
8-24-31-39-44-45,1,04/12/2021
8-24-28-32-34-40,1,27/04/2002
8-24-27-36-39-41,1,17/06/2023
8-24-25-39-40-41,1,24/06/2000
8-22-31-35-37-43,1,15/02/2003
8-22-28-38-40-43,1,01/05/2004
8-21-30-33-35-40,1,31/10/1998
8-21-26-28-35-39,1,11/11/2000
8-20-36-38-43-45,1,13/06/2015
8-20-26-30-31-41,1,07/09/1991
8-19-21-31-33-42,1,02/01/1988
8-18-24-39-41-42,1,15/06/2019
8-18-24-25-27-30,1,04/01/2003
8-18-21-23-27-37,1,10/08/2013
8-18-19-36-38-42,1,26/01/2019
8-9-22-23-34-40,1,29/01/2022
8-9-21-23-35-44,1,30/07/1988
8-9-20-23-25-40,1,07/03/1998
8-9-20-22-26-36,1,11/10/1997
8-9-19-23-26-36,1,08/05/1993
8-9-16-26-39-41,1,06/05/2017
8-9-16-22-31-44,1,02/01/1993
8-9-13-22-26-34,1,22/09/2001
8-9-13-19-22-32,1,20/03/2021
8-9-13-15-31-43,1,18/06/2005
8-9-12-15-26-33,1,19/04/2003
8-9-10-14-39-42,1,25/03/2023
8-9-10-12-21-32,1,03/05/2003
8-33-37-39-40-41,1,13/01/2024
8-30-32-33-37-40,1,30/06/2012
8-29-30-33-36-41,1,09/02/2013
9-10-21-26-28-31,1,09/02/2008
9-10-18-31-35-41,1,23/06/2018
9-10-18-19-30-45,1,02/04/2005
9-10-17-28-34-42,1,02/09/1995
9-10-16-25-32-34,1,29/09/2012
9-10-16-22-26-32,1,23/10/2021
9-10-16-19-21-41,1,18/04/1998
9-10-12-13-39-43,1,04/12/2010
9-10-11-23-32-40,1,21/01/2023
9-10-11-21-32-41,1,18/01/1997
8-9-33-34-40-43,1,19/07/2008
8-9-29-33-37-42,1,02/10/2010
8-9-27-37-40-44,1,02/05/1998
8-9-25-26-30-32,1,05/11/2005
8-9-23-29-38-42,1,01/08/2020
8-9-22-25-36-42,1,17/05/2014
9-11-21-28-32-40,1,02/07/1994
9-11-20-32-35-40,1,28/12/1996
9-11-20-30-41-45,1,13/09/2008
9-11-20-29-34-39,1,05/09/2009
9-11-17-26-27-37,1,16/12/2006
9-11-17-19-22-29,1,20/06/2020
9-11-16-36-38-39,1,27/06/1992
9-11-15-26-29-32,1,06/08/1994
9-11-15-25-26-36,1,13/08/1994
9-11-15-16-24-39,1,08/02/1997
9-11-13-16-17-21,1,09/02/2019
9-11-12-36-44-45,1,15/06/1991
9-11-12-17-31-40,1,02/11/1991
9-11-12-16-25-40,1,26/08/1995
9-10-26-27-35-42,1,03/04/1993
9-10-22-25-28-33,1,12/02/2000
9-13-15-20-32-40,1,12/08/1995
9-13-14-25-31-34,1,02/11/2002
9-12-28-29-32-41,1,19/05/2012
9-12-24-25-26-43,1,28/11/1987
9-12-22-28-41-42,1,26/11/2011
9-12-21-22-30-41,1,14/01/2017
9-12-18-24-33-43,1,27/05/2006
9-12-17-24-30-44,1,09/05/1987
9-12-15-42-43-44,1,30/03/2024
9-12-15-20-39-43,1,31/12/2005
9-12-15-18-28-34,1,04/03/2017
9-12-14-23-31-43,1,19/11/2022
9-12-14-19-22-24,1,02/03/2002
9-12-13-14-27-39,1,08/07/1989
9-11-25-32-33-44,1,09/12/2023
9-11-23-26-28-39,1,27/09/1997
9-16-18-26-33-35,1,28/05/1994
9-15-21-24-30-42,1,01/11/2014
9-15-19-26-33-36,1,31/01/2015
9-15-19-20-23-26,1,17/08/2002
9-15-18-29-35-37,1,07/04/1990
9-14-28-29-33-37,1,14/09/1991
9-14-20-31-33-35,1,14/08/1993
9-14-20-24-25-38,1,27/06/2009
9-14-16-18-20-36,1,20/04/2019
9-14-15-18-19-25,1,06/06/1987
9-13-24-25-29-39,1,16/11/1996
9-13-20-26-32-43,1,18/05/2024
9-13-16-23-27-33,1,27/03/2010
9-13-16-21-33-44,1,26/10/2013
9-13-16-17-32-37,1,27/10/2018
9-13-15-20-36-41,1,31/07/2004
1-10-19-33-37-41,1,05/08/2006
9-24-29-32-39-45,1,27/11/1999
9-24-29-31-32-33,1,05/05/2001
9-24-28-36-38-41,1,18/06/1994
9-23-26-34-40-44,1,27/10/2007
9-23-24-34-38-43,1,05/11/2016
9-22-29-39-40-44,1,07/05/1994
9-22-25-26-31-35,1,24/09/1988
9-21-36-39-40-45,1,30/09/1995
9-21-27-30-32-35,1,03/06/2017
9-21-26-29-32-44,1,22/09/2018
9-21-25-27-34-37,1,13/02/1988
9-21-22-26-39-43,1,11/12/1999
9-20-25-30-32-40,1,01/10/2022
9-19-36-38-39-43,1,16/01/1999
9-19-30-33-41-44,1,07/02/2015
1-11-24-26-32-36,1,09/10/2010
1-11-22-27-34-37,1,18/06/2022
1-11-22-25-41-44,1,15/07/2017
1-11-19-30-33-41,1,23/05/1992
1-11-18-29-35-44,1,25/05/2019
1-11-17-18-34-42,1,08/08/2020
1-11-15-28-35-39,1,22/11/2008
1-11-15-25-43-45,1,01/09/2007
1-11-15-16-22-32,1,23/02/1991
1-11-14-33-37-45,1,28/02/2015
1-11-12-37-41-43,1,30/11/2002
1-11-12-19-37-39,1,11/03/2000
1-11-12-15-25-36,1,07/09/2013
1-10-26-31-32-44,1,05/12/2009
1-10-25-27-28-36,1,09/11/2019
1-10-23-30-33-35,1,05/05/1990
