Draw number,Draw date,Winning Number 1,Winning Number 2,Winning Number 3,Winning Number 4,Winning Number 5,Winning Number 6,Winning Number 7,Powerball Number
1144,2018-04-19,9,5,32,13,33,4,25,7
1145,2018-04-26,14,35,34,15,24,19,9,12
1146,2018-05-03,19,20,6,1,24,3,16,13
1147,2018-05-10,6,24,15,14,26,32,35,14
1148,2018-05-17,9,26,16,34,3,31,25,9
1149,2018-05-24,12,14,2,18,23,19,25,17
1150,2018-05-31,29,18,9,27,30,8,32,6
1151,2018-06-07,34,30,14,32,22,24,23,9
1152,2018-06-14,29,6,16,2,7,31,14,15
1153,2018-06-21,2,24,5,31,13,9,35,16
1154,2018-06-28,17,25,7,4,2,28,34,3
1155,2018-07-05,7,29,33,23,34,20,32,16
1156,2018-07-12,32,23,31,4,16,25,18,5
1157,2018-07-19,22,23,29,4,24,2,25,17
1158,2018-07-26,32,31,1,22,28,7,8,15
1159,2018-08-02,32,34,1,9,17,22,3,19
1160,2018-08-09,5,18,10,13,34,12,4,19
1161,2018-08-16,33,3,32,13,27,35,31,3
1162,2018-08-23,6,14,18,28,29,9,2,11
1163,2018-08-30,20,32,15,19,22,13,28,20
1164,2018-09-06,7,14,23,25,18,21,27,20
1165,2018-09-13,2,22,34,1,35,19,17,11
1166,2018-09-20,20,6,30,17,8,10,2,8
1167,2018-09-27,22,5,10,30,19,21,15,3
1168,2018-10-04,24,32,3,11,21,28,22,7
1169,2018-10-11,21,13,23,20,27,32,30,13
1170,2018-10-18,17,35,25,10,33,7,29,5
1171,2018-10-25,28,29,26,13,25,9,11,12
1172,2018-11-01,30,11,24,35,17,4,8,3
1173,2018-11-08,29,35,12,30,17,23,15,10
1174,2018-11-15,18,16,23,2,25,7,29,20
1175,2018-11-22,14,29,34,33,17,3,28,17
1176,2018-11-29,29,20,22,5,3,17,33,12
1177,2018-12-06,14,6,26,3,20,5,33,19
1178,2018-12-13,24,8,26,28,35,7,15,13
1179,2018-12-20,19,5,24,13,9,32,20,15
1180,2018-12-27,9,17,5,7,18,8,29,19
1181,2019-01-03,8,11,19,12,7,25,33,13
1182,2019-01-10,3,10,7,28,34,24,31,14
1183,2019-01-17,20,18,33,22,11,26,4,9
1184,2019-01-24,17,29,35,23,19,8,2,3
1185,2019-01-31,34,31,29,10,19,28,22,10
1186,2019-02-07,17,32,20,11,22,24,6,19
1187,2019-02-14,3,23,10,21,6,34,11,5
1188,2019-02-21,27,4,25,3,21,16,12,8
1189,2019-02-28,7,5,13,4,2,14,11,14
1190,2019-03-07,4,23,9,13,6,20,27,2
1191,2019-03-14,24,27,17,5,8,20,2,6
1192,2019-03-21,31,30,20,14,29,27,3,7
1193,2019-03-28,4,34,25,27,30,26,5,18
1194,2019-04-04,2,25,14,16,12,33,21,4
1195,2019-04-11,15,32,20,8,19,18,22,9
1196,2019-04-18,21,2,17,30,4,1,11,2
1197,2019-04-25,25,33,23,5,9,2,11,6
1198,2019-05-02,4,2,11,6,9,8,33,4
1199,2019-05-09,29,15,5,17,19,26,18,2
1200,2019-05-16,11,13,35,34,1,17,24,19
1201,2019-05-23,10,7,6,17,16,30,20,4
1202,2019-05-30,31,14,34,22,10,17,4,7
1203,2019-06-06,8,33,35,7,31,2,11,20
1204,2019-06-13,8,17,23,5,1,25,11,3
1205,2019-06-20,19,16,4,34,10,17,14,13
1206,2019-06-27,7,32,27,17,2,35,21,7
1207,2019-07-04,2,21,15,20,28,27,22,3
1208,2019-07-11,21,27,8,6,28,34,7,16
1209,2019-07-18,6,13,1,11,23,27,16,11
1210,2019-07-25,23,9,3,22,1,24,11,4
1211,2019-08-01,15,35,9,25,22,30,23,6
1212,2019-08-08,30,29,1,16,11,17,5,8
1213,2019-08-15,24,35,27,30,21,7,14,13
1214,2019-08-22,10,11,17,35,7,26,3,19
1215,2019-08-29,8,20,9,11,27,22,32,20
1216,2019-09-05,16,4,14,2,29,19,27,13
1217,2019-09-12,27,28,10,20,11,30,31,2
1218,2019-09-19,26,4,17,5,18,8,31,9
1219,2019-09-26,33,30,25,26,22,9,27,19
1220,2019-10-03,2,15,20,29,22,25,11,3
1221,2019-10-10,28,11,27,16,6,3,35,10
1222,2019-10-17,9,2,25,21,7,6,22,12
1223,2019-10-24,19,11,1,24,7,12,30,7
1224,2019-10-31,10,29,16,33,9,22,18,8
1225,2019-11-07,21,12,10,13,33,7,3,4
1226,2019-11-14,8,28,24,10,20,32,26,6
1227,2019-11-21,1,12,3,2,25,13,23,1
1228,2019-11-28,20,21,23,12,18,30,4,1
1229,2019-12-05,29,32,30,14,19,20,27,6
1230,2019-12-12,15,9,16,35,18,28,11,9
1231,2019-12-19,9,11,8,32,4,10,29,18
1232,2019-12-26,27,17,26,12,23,7,9,2
1233,2020-01-02,27,25,21,3,35,2,9,4
1234,2020-01-09,31,9,7,3,29,4,24,2
1235,2020-01-16,20,25,7,14,21,28,16,11
1236,2020-01-23,13,10,23,5,27,4,28,4
1237,2020-01-30,8,9,35,22,20,17,5,16
1238,2020-02-06,26,3,11,2,15,1,35,17
1239,2020-02-13,25,7,29,14,5,32,2,3
1240,2020-02-20,26,3,31,12,13,1,21,19
1241,2020-02-27,16,24,31,9,17,22,1,2
1242,2020-03-05,24,28,27,23,16,10,33,12
1243,2020-03-12,20,10,17,28,19,33,26,2
1244,2020-03-19,18,1,12,10,27,20,11,20
1245,2020-03-26,14,21,16,12,1,29,27,7
1246,2020-04-02,17,19,26,22,1,14,3,18
1247,2020-04-09,2,4,18,34,27,12,19,11
1248,2020-04-16,8,24,25,19,18,12,15,18
1249,2020-04-23,32,35,3,18,7,6,14,2
1250,2020-04-30,6,32,9,17,25,34,28,10
1251,2020-05-07,12,9,16,23,26,35,29,10
1252,2020-05-14,23,22,31,8,4,24,3,15
1253,2020-05-21,30,9,23,32,18,8,7,4
1254,2020-05-28,24,30,25,10,9,21,32,19
1255,2020-06-04,20,12,27,1,5,10,17,13
1256,2020-06-11,17,28,26,1,14,22,33,9
1257,2020-06-18,32,24,28,17,7,14,22,1
1258,2020-06-25,35,12,20,24,27,8,18,17
1259,2020-07-02,26,15,16,6,1,21,10,19
1260,2020-07-09,33,2,32,31,28,21,26,12
1261,2020-07-16,18,34,32,23,26,14,11,5
1262,2020-07-23,9,17,28,16,3,7,32,6
1263,2020-07-30,24,3,30,19,27,9,35,1
1264,2020-08-06,14,23,5,18,33,27,7,7
1265,2020-08-13,5,24,15,16,14,32,6,19
1266,2020-08-20,18,8,23,21,12,17,35,1
1267,2020-08-27,23,2,16,14,18,13,28,9
1268,2020-09-03,17,23,32,3,1,9,13,19
1269,2020-09-10,10,23,9,2,19,29,8,14
1270,2020-09-17,4,11,19,28,3,5,7,6
1271,2020-09-24,13,11,1,32,31,3,8,3
1272,2020-10-01,16,30,22,26,11,15,18,4
1273,2020-10-08,35,9,10,17,19,11,20,3
1274,2020-10-15,27,7,31,32,2,9,15,7
1275,2020-10-22,5,10,19,1,6,16,31,10
1276,2020-10-29,31,10,24,2,16,28,1,19
1277,2020-11-05,24,3,13,2,35,14,21,12
1278,2020-11-12,6,19,11,23,9,24,14,20
1279,2020-11-19,30,7,12,13,1,34,26,11
1280,2020-11-26,30,20,7,3,25,21,31,2
1281,2020-12-03,21,29,15,1,28,12,17,17
1282,2020-12-10,14,8,19,20,11,9,4,19
1283,2020-12-17,29,4,17,16,33,5,9,13
1284,2020-12-24,12,9,21,4,11,32,29,2
1285,2020-12-31,1,11,28,8,7,2,16,7
1286,2021-01-07,22,3,17,2,23,20,7,5
1287,2021-01-14,26,27,17,1,2,31,20,14
1288,2021-01-21,29,35,19,15,6,22,27,14
1289,2021-01-28,6,16,13,12,10,20,30,11
1290,2021-02-04,18,29,34,33,6,30,2,8
1291,2021-02-11,20,32,26,29,16,7,1,14
1292,2021-02-18,13,25,30,3,19,16,22,10
1293,2021-02-25,25,17,33,23,20,19,11,3
1294,2021-03-04,6,7,22,33,18,28,1,4
1295,2021-03-11,8,19,14,26,21,17,1,20
1296,2021-03-18,18,30,16,29,6,33,35,4
1297,2021-03-25,14,15,16,21,12,25,10,5
1298,2021-04-01,27,23,1,26,25,13,7,15
1299,2021-04-08,13,21,12,14,24,4,3,6
1300,2021-04-15,17,1,24,12,5,9,19,3
1301,2021-04-22,35,26,10,17,31,19,21,1
1302,2021-04-29,15,23,3,10,30,14,35,15
1303,2021-05-06,21,34,10,16,23,14,25,9
1304,2021-05-13,7,19,11,12,5,25,8,20
1305,2021-05-20,14,7,18,5,8,2,11,19
1306,2021-05-27,5,12,10,6,2,24,25,20
1307,2021-06-03,17,1,19,11,12,28,14,11
1308,2021-06-10,32,25,13,2,15,35,24,16
1309,2021-06-17,20,12,26,4,10,34,13,1
1310,2021-06-24,30,33,21,13,28,31,8,15
1311,2021-07-01,13,19,18,17,11,16,20,15
1312,2021-07-08,7,8,17,9,19,32,15,6
1313,2021-07-15,25,32,17,16,3,11,26,2
1314,2021-07-22,28,25,15,13,20,29,16,11
1315,2021-07-29,23,26,7,4,33,35,22,17
1316,2021-08-05,16,25,12,7,11,10,21,18
1317,2021-08-12,17,10,4,26,19,23,21,7
1318,2021-08-19,26,7,9,10,2,30,8,3
1319,2021-08-26,28,25,10,27,14,11,32,6
1320,2021-09-02,17,25,12,5,4,28,14,10
1321,2021-09-09,3,20,8,6,2,17,23,2
1322,2021-09-16,1,30,9,32,8,31,22,9
1323,2021-09-23,3,10,23,24,14,8,21,5
1324,2021-09-30,18,14,25,2,27,7,24,20
1325,2021-10-07,27,25,34,4,29,13,18,13
1326,2021-10-14,23,20,17,27,22,32,12,17
1327,2021-10-21,7,17,11,28,30,2,27,11
1328,2021-10-28,14,10,29,26,9,15,23,3
1329,2021-11-04,30,15,27,12,34,18,8,8
1330,2021-11-11,17,2,20,3,4,1,15,16
1331,2021-11-18,34,13,1,8,3,5,19,11
1332,2021-11-25,21,17,16,3,22,34,9,9
1333,2021-12-02,27,30,4,5,33,26,19,8
1334,2021-12-09,4,34,9,25,28,29,14,3
1335,2021-12-16,34,18,3,30,33,25,32,6
1336,2021-12-23,3,33,29,13,10,20,16,19
1337,2021-12-30,35,26,18,32,23,19,16,10
1338,2022-01-06,15,5,28,20,29,34,27,8
1339,2022-01-13,29,28,13,2,33,24,9,13
1340,2022-01-20,25,14,35,26,34,11,31,1
1341,2022-01-27,4,25,15,27,32,10,28,18
1342,2022-02-03,22,18,11,26,21,16,31,8
1343,2022-02-10,19,32,5,31,3,26,16,6
1344,2022-02-17,24,7,34,22,13,30,6,10
1345,2022-02-24,6,15,9,27,32,28,33,8
1346,2022-03-03,4,27,24,28,2,12,18,4
1347,2022-03-10,15,29,5,19,13,16,35,16
1348,2022-03-17,23,19,2,17,7,25,13,13
1349,2022-03-24,9,21,5,23,32,4,28,20
1350,2022-03-31,6,28,10,34,26,27,13,11
1351,2022-04-07,5,30,15,3,7,10,34,12
1352,2022-04-14,31,2,3,5,11,20,14,4
1353,2022-04-21,22,28,29,15,25,17,19,6
1354,2022-04-28,12,7,16,19,1,24,25,7
1355,2022-05-05,30,26,16,35,12,2,17,19
1356,2022-05-12,18,16,22,14,4,7,9,10
1357,2022-05-19,15,34,5,11,28,8,27,3
1358,2022-05-26,16,19,21,33,25,13,10,18
1359,2022-06-02,8,15,31,21,11,6,33,7
1360,2022-06-09,23,6,2,13,3,34,20,12
1361,2022-06-16,18,3,28,29,15,12,6,15
1362,2022-06-23,7,31,10,9,2,22,35,19
1363,2022-06-30,22,6,1,16,17,29,11,2
1364,2022-07-07,13,16,3,28,30,14,6,11
1365,2022-07-14,35,1,17,33,20,6,26,5
1366,2022-07-21,9,8,25,7,26,2,24,9
1367,2022-07-28,9,5,19,34,23,24,10,13
1368,2022-08-04,23,21,17,11,32,6,13,15
1369,2022-08-11,30,23,9,22,5,28,18,3
1370,2022-08-18,1,22,2,4,20,23,27,20
1371,2022-08-25,4,16,8,25,31,12,32,17
1372,2022-09-01,3,10,15,26,34,12,4,20
1373,2022-09-08,15,21,23,13,30,25,31,10
1374,2022-09-15,22,31,35,13,9,2,10,15
1375,2022-09-22,24,21,10,15,35,28,26,8
1376,2022-09-29,15,19,9,12,16,35,20,4
1377,2022-10-06,28,35,17,14,6,3,4,10
1378,2022-10-13,31,35,16,13,25,18,1,2
1379,2022-10-20,14,33,11,25,17,24,6,18
1380,2022-10-27,10,4,12,18,2,34,7,7
1381,2022-11-03,24,32,22,12,2,8,6,2
1382,2022-11-10,15,22,14,3,32,17,5,7
1383,2022-11-17,6,5,7,19,1,33,14,17
1384,2022-11-24,14,6,9,25,27,31,33,15
1385,2022-12-01,7,34,8,5,2,29,4,15
1386,2022-12-08,14,4,21,18,35,10,19,11
1387,2022-12-15,26,21,34,19,22,1,7,2
1388,2022-12-22,31,23,5,28,7,18,21,4
1389,2022-12-29,9,26,4,23,22,6,24,18
1390,2023-01-05,5,13,27,21,7,9,35,6
1391,2023-01-12,18,22,34,3,30,10,29,5
1392,2023-01-19,35,32,34,19,3,30,21,1
1393,2023-01-26,31,30,28,15,1,33,21,16
1394,2023-02-02,7,35,31,2,24,21,15,18
1395,2023-02-09,32,35,11,28,8,16,3,13
1396,2023-02-16,5,8,12,13,35,20,21,8
1397,2023-02-23,6,5,3,11,30,26,24,9
1398,2023-03-02,18,14,13,16,21,19,29,18
1399,2023-03-09,7,10,27,33,30,20,17,1
1400,2023-03-16,32,17,29,34,28,3,22,18
1401,2023-03-23,26,4,7,5,18,25,19,15
1402,2023-03-30,12,5,6,7,13,35,11,15
1403,2023-04-06,30,33,24,6,21,12,17,10
1404,2023-04-13,27,33,19,29,5,12,15,4
1405,2023-04-20,32,30,12,18,1,13,24,6
1406,2023-04-27,30,16,27,6,33,19,28,17
1407,2023-05-04,35,31,20,18,13,2,34,9
1408,2023-05-11,8,15,9,18,3,28,12,14
1409,2023-05-18,3,19,6,33,11,20,7,18
1410,2023-05-25,17,20,30,29,27,12,8,6
1411,2023-06-01,14,23,19,31,6,28,34,3
1412,2023-06-08,17,15,28,12,22,21,20,11
1413,2023-06-15,20,11,13,9,2,25,31,2
1414,2023-06-22,22,3,5,23,4,14,6,17
1415,2023-06-29,3,28,8,18,5,24,1,2
1416,2023-07-06,12,28,7,16,10,20,17,20
1417,2023-07-13,19,3,29,17,27,30,11,15
1418,2023-07-20,7,29,14,4,32,27,9,17
1419,2023-07-27,19,14,18,22,16,4,33,18
1420,2023-08-03,13,7,18,1,23,25,33,7
1421,2023-08-10,11,24,9,23,18,16,10,9
1422,2023-08-17,24,12,30,26,10,17,21,10
1423,2023-08-24,8,17,18,20,11,3,33,7
1424,2023-08-31,10,35,27,32,6,14,31,6
